user_screen_name,user_description,text,clean_text,type,pollen_phenology,climate_change,belief,sentiment,causation,direction,science
Pattieszv,"I&#39;m a super sweet person, unless im pissed off. haha. No one really understands what im all about, so thats why you should get to know me. (:","Pollen Rain, Vegetation and Climate in Lowland East Java, Indonesia (Modern Quarternary Research in Southeast As... http://t.co/UerwWzmj",Pollen Rain Vegetation and Climate in Lowland East Java Indonesia Modern Quarternary Research in Southeast As,organic,,,,,,,
carbonmeme,Climate change and other energy/environment news,2000 Years of Climate Reconstructed from Pollen - Skeptical Science http://t.co/SLxalBRS,Years of Climate Reconstructed from Pollen Skeptical Science,organic,,,,,,,
greeneconpost,"A blog portal that provides site that provides green business and career information, news and commentary. Cover the impact of the environment,  on the economy",Fossilized pollen unlocks secrets of ancient royal garden http://t.co/qfDmwxTp #climate #green,Fossilized pollen unlocks secrets of ancient royal garden climate green,organic,,,,,,,
glitchfactor,"Recording Engineer, Musician for Glitch Factor and Murder Happens",Its february....I walk outside to a faceful of gnats and pollen all over my car.....no climate change here....look the other way,Its february I walk outside to a faceful of gnats and pollen all over my car no climate change here look the other way,organic,,,,,,,
hypusine,"Interested in fungal pathogens, rock climbing, translational control, synthetic biology, microbial communication, polyketides, natural products and phylogeny",Pollen counts appear to be higher and occurring earlier in the year. Global warming faulted: http://t.co/WY7Rd0Oz?,Pollen counts appear to be higher and occurring earlier in the year Global warming faulted,organic,,,,,,,
marykmac7,"Love everything Michael Jackson
http://love4mjj.tumblr.com/",@skipabeat123 @actress58 @MJacksoners @ingridbkue @MVLittleBird @AustinBrownJam @Michael_love777  pollen is heavier in warmer climate,MJacksoners MVLittleBird AustinBrownJam Michael love pollen is heavier in warmer climate,reply,,,,,,,
EarthWiseRadio,Earth Wise: A Look At Our Changing Environment.,"If you are allergic to pollen, you should worry about climate change 
http://t.co/U8gZf1Yi http://t.co/Dud4L3Yn",If you are allergic to pollen you should worry about climate change,organic,,,,,,,
CameronRDirect,"Junior at U of Iowa. 
Runner and pushup aficionado. 
Interned at an advertising firm, Arnold Worldwide, in the summer of 2011",My pollen guy told me the counts are good to go. Galen Rupp warming up is evidence of that #oxy2012 #peterpanswag,My pollen guy told me the counts are good to go Galen Rupp warming up is evidence of that oxy peterpanswag,organic,,,,,,,
kcrossizballin,"Reporter for several national sports entities - ESPN Radio, Lindy's Sports Annuals, www.Collegechalktalk.com, www.lindyssports.com, Yahoo! Sports Radio.",7 mile run with a temp if 88 degrees and 46% humidity. Pollen and air quality are terrible! Proof Global Warming is a bitch!!!,mile run with a temp if degrees and humidity Pollen and air quality are terrible Proof Global Warming is a bitch,organic,,,,,,,
caffien,"Happy, lucky, loved up chick.","Need original house warming gift ideas, no food, no pollen and special needs child who throws anything not bolted down? a bean bag?",Need original house warming gift ideas no food no pollen and special needs child who throws anything not bolted down a bean bag,organic,,,,,,,
shannnonmariee,Student studying biological anthropology & bioarchaeology at WMU. Research Assistant. Freelance Photographer. Bartender.,RT @archaeologymag: Fossil pollen and charcoal deposits taken from the Nile Delta have preserved a record of climate catastrophes in...  ...,Fossil pollen and charcoal deposits taken from the Nile Delta have preserved a record of climate catastrophes in,retweet,,,,,,,
NMNH,"Join us as we explore the natural world and our place in it.  
Comment policy: http://si.edu/Termsofuse#user-gen",[Daily Dose of Science] Fossil pollen has much to tell us about Egypt's climate during the era of pyramid building: http://t.co/kc5sqbTD,Daily Dose of Science Fossil pollen has much to tell us about Egypt's climate during the era of pyramid building,organic,,,,,,,
SaffronAdam,Photography/Music/Comedy/Literature/The natural world/Cinematics/Intelligence/Escapism/Tattoos/Health/Cuisine/People/Art/The sky/Winged and wicked things,RT @NMNH: [Daily Dose of Science] Fossil pollen has much to tell us about Egypt's climate during the era of pyramid building: http://t.c ...,NMNH Daily Dose of Science Fossil pollen has much to tell us about Egypt's climate during the era of pyramid building,retweet,,,,,,,
healthjournal,"Sharing health, diet and fitness information from a variety of trusted sources. Don't be shy to ask us for advice or links to information",New jab could relieve your hayfever for weeks - as global warming threatens to extend the pollen season: British... http://t.co/asN6bZ2C,New jab could relieve your hayfever for weeks as global warming threatens to extend the pollen season British,organic,,,,,,,
Amazon_Man,@!,"Climate change will extend hay fever season by six weeks, report warns: Hay fever sufferers face longer pollen s... http://t.co/NjXkp0wq",Climate change will extend hay fever season by six weeks report warns Hay fever sufferers face longer pollen s,organic,,,,,,,
MzKimber25,I love life & I cherish time....,"I made it through the winter, pollen and went from one climate to another and NOW I get sick?? #allergies",I made it through the winter pollen and went from one climate to another and NOW I get sick allergies,organic,,,,,,,
JennyQ,In my own private Idaho. I tweet about everything & nothing. Personal twitter account. I think I love Twitter more than anyone I know.,"@everyonecool combo of global warming, mild winter, hot summer, increased weeds/ragweed/pollen, forest fires -- they said.",combo of global warming mild winter hot summer increased weeds ragweed pollen forest fires they said,reply,,,,,,,
GSUArtSci,The College of Arts and Sciences at Georgia State University,http://t.co/8K42I9KE #GSUArtSci geosciences prof will look at pollen from hundreds of years ago in #uganda to decipher climate,GSUArtSci geosciences prof will look at pollen from hundreds of years ago in uganda to decipher climate,organic,,,,,,,
TanyaGiotti,Work Hard/Play Hard/Love Hard #teamCaribbean #teamItalian #teamFashion #teamFood #teamInteriordesign #teamHealth&wellness #teamWWE #teamJesus,"RT @WebMD: #Allergy sufferers, grab some tissues: Computer modeling shows #global #warming may double the pollen count by 2040: http://t ...",WebMD Allergy sufferers grab some tissues Computer modeling shows global warming may double the pollen count by,retweet,,,,,,,
pookhahare,"history buff, titans and nfl fan, science fiction, marxist of the harpo kind.",RT @sciam: Allergies From Pollen Projected to Intensify With Climate Change http://t.co/VGCDSJEp,Allergies From Pollen Projected to Intensify With Climate Change,retweet,,,,,,,
BuyViagra_,Visit the website to buy Viagra and other ED Drugs with free shipping worldwide.,Allergies From Pollen Projected To Intensify With Climate Change - Huffington Post http://t.co/SmRjV55S #health #news,Allergies From Pollen Projected To Intensify With Climate Change Huffington Post health news,organic,,,,,,,
CraigRosebraugh,"Filmmaker, writer and activist Craig Rosebraugh has been involved in political and environmental causes since the early 1990s.","Hello, Allergies: Global Warming May Double Pollen by 2040
http://t.co/dUZBmoPq",Hello Allergies Global Warming May Double Pollen by,organic,,,,,,,
hairi9a,"IT Guy, who ROCKS!",Allergies From Pollen Projected To Intensify With Climate Change,Allergies From Pollen Projected To Intensify With Climate Change,organic,,,,,,,
GAJazzynurse,"Georgia nurse website. For RN,LPN.or CNA But open to all. For jobs,and any jazz that deals with nursing,especially in Georgia.","Pollen allergies set to worsen with climate change, study says - GlobalPost: Telegraph.co.ukPollen allergies set... http://t.co/BDkcpEbE",Pollen allergies set to worsen with climate change study says GlobalPost Telegraph co ukPollen allergies set,organic,,,,,,,
Becky_Krueger,"PR exec, mom, mediator, pet parent, social media fan. I love family, friends, laughter & Chuck Norris jokes. No day but today!",RT @AllergiesGuide RT @warmingglobehub: Allergies From Pollen Projected To Intensify With Climate Change http://t.co/WLRCOEBc,AllergiesGuide RT Allergies From Pollen Projected To Intensify With Climate Change,organic,,,,,,,
Reivaj17,NA,And this to make it worse. RT @sciam Allergies From Pollen Projected to Intensify With Climate Change http://t.co/7mTtuFqG,And this to make it worse RT Allergies From Pollen Projected to Intensify With Climate Change,organic,,,,,,,
kncpharmacy,Free shipping with a Cash Reward Program on every order.We also carry a wide selection of FDA approved brand names you know and trust.,Global Warming May Double Pollen by 2040 http://t.co/9E8lgeWf,Global Warming May Double Pollen by,organic,,,,,,,
feelhealthynow,We Specialize in fitness & weightloss & We are here to personaly HELP YOU achieve your physical & financial goals!,Global Warming May Double Pollen by 2040: Climate change may lead to a doubling of pollen levels by the ... http://t.co/FHXKdOEC #health,Global Warming May Double Pollen by Climate change may lead to a doubling of pollen levels by the health,organic,,,,,,,
CBressette,"Humanity Advocate - 
Making A Positive Impact -
Peace & Justice Unite Us All -                              News Education & Enjoyment - 
.",RT @ShiCooks: Allergies from Pollen Projected to Intensify with Climate Change http://t.co/x1zRMUF1,ShiCooks Allergies from Pollen Projected to Intensify with Climate Change,retweet,,,,,,,
MiriamETucker,Writer/journalist specializing in medicine/health. Living with type 1 diabetes since 1973.,Oh great. RT @Medscape: Global Warming May Double Pollen by 2040 http://t.co/Vnsmyi0z,Oh great RT Medscape Global Warming May Double Pollen by,organic,,,,,,,
marginoferror,"Software developer with diverse interests.  Tweets re: politics, econ, tech, games, foreign policy etc.",RT @NickKristof: RT @billmckibben: Sci Am: “Climate change will increase pollen production considerably in nr future” http://t.co/MTeDT990,NickKristof RT Sci Am Climate change will increase pollen production considerably in nr future,retweet,,,,,,,
StanWeddle,"Enjoying life, learning, building a better me. KC real estate, paleo lifestyle, gardener, urban activist.","RT @billmckibben: Sci Am: “Climate change will increase pollen production considerably in the near future,” http://t.co/RbvX17Dy",Sci Am Climate change will increase pollen production considerably in the near future,retweet,,,,,,,
tmhol,"Passionate about environmental and social justice. Believes disseminating information to help others learn and be aware is everything. MA raised, CA reside.",RT @WarmingGlobeHub: Allergies From Pollen Projected To Intensify With Climate Change http://t.co/KW2y2EWe,WarmingGlobeHub Allergies From Pollen Projected To Intensify With Climate Change,retweet,,,,,,,
WeeZieInc,Longstreet lost the battle; Longstreet lost the war.,"Yikes. ""Climate change will increase pollen production considerably in the near future."" http://t.co/wLdJbANE",Yikes Climate change will increase pollen production considerably in the near future,organic,,,,,,,
GreenGirrl,"nature lover, birder, public interest attorney, green designer",RT @HuffPostGreen: Climate change projected to worsen pollen allergies http://t.co/81ieD4qY,HuffPostGreen Climate change projected to worsen pollen allergies,retweet,,,,,,,
LuciaGrenna,"Sr. Communications Officer and Program Manager for the World Bank's Connect4Climate (C4C) Global Partnership Program...a campaign, a contest, and a community",“@sciam: Allergies From Pollen Projected to Intensify With Climate Change http://t.co/ycBHPiu8” ouch!,Allergies From Pollen Projected to Intensify With Climate Change ouch,organic,,,,,,,
latexallergyorg,"American Latex Allergy Association,non-profit,mission to educate and support individuals with latex allergy,advocacy",RT @ACAAI: Global Warming May Double Pollen by 2040 http://t.co/mMdebU2s via @WebMD #ACAAI,ACAAI Global Warming May Double Pollen by via WebMD ACAAI,retweet,,,,,,,
C2ES_org,"An independent, nonpartisan, nonprofit organization, C2ES works to promote action & sound policy addressing the challenges of #energy & #climate change","RT @katherineharmon: Another curse of climate change: longer, more intense allergy seasons, as pollen counts skyrocket: http://t.co/B5ej ...",Another curse of climate change longer more intense allergy seasons as pollen counts skyrocket,retweet,,,,,,,
animated31,Graduate of Psychology now working as a Mental Health Technician at the Keys of Carolina.,"GREENExperts warn global warming may double pollen levels and lengthen allergy season by 2040Daaaaaaaammmmmnnnnn",GREEN Experts warn global warming may double pollen levels and lengthen allergy season by Daaaaaaaammmmmnnnnn,organic,,,,,,,
viosanhealth,Viosan Health is the maker of scientifically formulated dietary supplements made with pharmaceutical grade raw materials & Quality Assurance processes.,Global warming may bring pollen onslaught – The Chart - http://t.co/2OFuTFx4 Blogs http://t.co/V6ME0das,Global warming may bring pollen onslaught The Chart Blogs,organic,,,,,,,
allergyguidance,Treat allergy holistically,Global warming may bring pollen onslaught –  http://t.co/jXTAsCJ3,Global warming may bring pollen onslaught,organic,,,,,,,
ThedaCareHealth,Official Twitter Account for ThedaCare a non-profit health provider in Northeastern Wisconsin.,Climate change may not just result in superstorms like Sandy. New research shows pollen counts are rising.... http://t.co/nLSyogbA,Climate change may not just result in superstorms like Sandy New research shows pollen counts are rising,organic,,,,,,,
jacksills,"I volunteer for both Urban Ministry & Red Dog Farm Animal Rescue. My passions in life are playing my guitar, my dog Carly, & landscape photography. Peace!!!",RT @GlobalWarming36: Global warming may bring pollen onslaught - CNN (blog) http://t.co/acGLI4fP,GlobalWarming Global warming may bring pollen onslaught CNN blog,retweet,,,,,,,
PhiladelphiaCP,Philadelphia City And Press,"Global Warming May Double Pollen By 2040: WebMD Medical NewsBy Kathleen DohenyReviewed by Louise Chang, MDNov. 9,... http://t.co/MVb5KNKx",Global Warming May Double Pollen By WebMD Medical NewsBy Kathleen DohenyReviewed by Louise Chang MDNov,organic,,,,,,,
T_Poin,Fitness enthusiast~avid runner~inspired writer~your perfect bartender @barbelles404 ~sports fan~ feisty/loyal LEO~Stevie Wonder's ♥♥That Girl♥♥ #NCATAlumni,"RT @greatfitness: Pollen allergies set to worsen with climate change, study says - GlobalPost: Telegraph.co.ukPollen allergies set... ht ...",Pollen allergies set to worsen with climate change study says GlobalPost Telegraph co ukPollen allergies set ht,retweet,,,,,,,
caufc,"California Urban Forests Council - 
Because trees grow healthy California communities",Allergies From Pollen Projected To Intensify With Climate Change. Will trees be blamed? http://t.co/7VEG3Np3,Allergies From Pollen Projected To Intensify With Climate Change Will trees be blamed,organic,,,,,,,
IrishJayhawk66,Sassy Irish gal/ insatiable movie fan- #TCM /Political opinions are my own & outspoken /Founder of @BigSmileMktg /KU Jayhawk... LOVE my 4 kidlets & hubby!,RT @minamaya13: How Global Warming may affect your allergies. Pollen counts expected to double over next few decades..... &gt;  http://t ...,How Global Warming may affect your allergies Pollen counts expected to double over next few decades gt,retweet,,,,,,,
HOWinnovates,HOW is a cloud-based analytics platform reducing total health spend for employers by proactively navigating employees to appropriate & timely care.,New Heath Risk: Global warming may bring pollen onslaught http://t.co/0GrI5HaE,New Heath Risk Global warming may bring pollen onslaught,organic,,,,,,,
ericrumsey,"mobile, pictures, google, ebooks, responsive, design, ux, librarian, medical, iphone, 

maps, pdf, pattern recognition, meta",Allergies from Pollen Projected to Intensify with Climate Change http://t.co/v58asUvG - @SciAm RT @LibraryLiving,Allergies from Pollen Projected to Intensify with Climate Change SciAm RT LibraryLiving,organic,,,,,,,
PublicHealth,The American Public Health Association works to protect Americans from public health threats. More: @getready @nationshealth @StopDropOut @nphw @APHAAnnualMtg,"Hotter summers, higher sea levels &amp; longer pollen season. What's new in U.S. climate change: 12/13 @EPAGov webinar: http://t.co/bRyUKIrq",Hotter summers higher sea levels amp longer pollen season What's new in U S climate change EPAGov webinar,organic,,,,,,,
erinm81,"cook, baker, crafter, runner, sun-seeker, marquette grad, steelers fan. Tweets are my own.","Sounds terrible...MT @PublicHealth: Hotter summers, higher sea levels &amp; longer pollen season. What's new in U.S. climate change...",Sounds terrible MT PublicHealth Hotter summers higher sea levels amp longer pollen season What's new in U S climate change,organic,,,,,,,
BuyDirectUSAN,BuyDirectUSA News We promote #MadeinUSA #madeinAmerica to create & save #jobs #USManufacturers,RT @AustinAirLtd: Global warming may double pollen count by 2040 http://t.co/pu9ankRY,AustinAirLtd Global warming may double pollen count by,retweet,,,,,,,
zqasqa,Zqas is a free question and answer website,#Allergy #Sufferers #Support http://t.co/j6v8dNDK How can pollen show evidence of climate change?,Allergy Sufferers Support How can pollen show evidence of climate change,organic,,,,,,,
ThatLalaGurl,"Sweet and simple, sassy with spice. Take me as I am. I tweet MY own reality. Southern Arizona girl. #BlessedMama",Hopefully getting used to the climate/pollen takes less time than it did to adjust to Texas. I can't be miserable for another 8 months.,Hopefully getting used to the climate pollen takes less time than it did to adjust to Texas I can't be miserable for another months,organic,,,,,,,
FrackingPA,We care deeply about our environment.,#global-warming: Global warming brings on more pollen - CNN International http://t.co/MT0GDbi2Py,global warming Global warming brings on more pollen CNN International,organic,,,,,,,
NancyParmer,"2011 2nd place #csr Shorty Award Winner! 
     Sustainability, UPS Customer Solutions",Global warming brings on more pollen - http://t.co/RwojUEUTDJ http://t.co/VKqlHOLUyX,Global warming brings on more pollen,organic,,,,,,,
MichelesWeb,Freelance Web Design & Development - Super Low Rates - 23+ Yrs Exp. No outsourcing - Entrepreneur - Web Designer - Programmer - Web Developer,"RT @kaskadia: arrgh :/ #HayFever RT @TheGreenForum #GlobalWarming brings on more #pollen: W/ global warming, temperature extremes.. http ...",arrgh HayFever RT TheGreenForum GlobalWarming brings on more pollen W global warming temperature extremes,retweet,,,,,,,
OWtweets,"OW! is a pr & event firm in NYC known for blending our uptown and downtown sensibilities, strategic pr and great events for fashion, lifestyle & entertainment.",Love reaping all these benefits: Global warming brings on way more pollen via @cnn http://t.co/0I7EZ9HkYU,Love reaping all these benefits Global warming brings on way more pollen via,organic,,,,,,,
Sleep_Europe,"Doxylamine, Donormyl, Dormidina, Unisom, Nytol, Sominex, Sleepless, Insomnia, Fall Asleep Fast
www.doxylamine-donormyl-dormidina-unisom.com","Pollen apocalypse from global warming: With global warming, temperature extremes are becoming a norm -- and th... http://t.co/0djCq7wv4Z",Pollen apocalypse from global warming With global warming temperature extremes are becoming a norm and th,organic,,,,,,,
Credit2Credit,Everything you need to begin repairing your credit today. $$$$ Download our COMPLIMENTARY Quick Credit Repair Guide Today! $$$$,"#green #progress As CO2 Emissions Rise, So Will Pollen Counts And Asthma Attacks: Climate chang... http://t.co/Hb94LiX6VP @credit2credit",green progress As CO Emissions Rise So Will Pollen Counts And Asthma Attacks Climate chang,organic,,,,,,,
axismedia,Knowledge is power. Learn as much as possible. Be kind to others. Protect the environment. Donate to charity. Help others less fortunate. Be open-minded.,"Global warming means more pollen: With global warming, temperature extremes are becoming a norm -- and that's ... http://t.co/8NK4Wv4nVV",Global warming means more pollen With global warming temperature extremes are becoming a norm and that's,organic,,,,,,,
BlogOfficial2,Blog Official Multi-Sites News and Products...,Global warming means more pollen http://t.co/scuyVJqgqH,Global warming means more pollen,organic,,,,,,,
coastaleddyed,Everything about Nutrition and Fitness,Photo: Global warming brings more pollen Temperature extremes are becoming the norm — and that’s bad news... http://t.co/FqUfJhqrEe,Photo Global warming brings more pollen Temperature extremes are becoming the norm and that s bad news,organic,,,,,,,
HealthGossip,"Professional Twitter page of Folashadé Ayanwale
 Public Health Educator for the State of Alabama: Health&Wellness, Psychological, & Fitness",See pollen on your windshield? Global warming brings on more pollen http://t.co/tlbFHMYj0k #environmental #allergies #weather,See pollen on your windshield Global warming brings on more pollen environmental allergies weather,organic,,,,,,,
xoDanielleHayes,Hey! Im Danielle! I am an athletic and musical girl! I love to surf and just chill! Love ya! Follow meeee!,Pollen apocalypse from global warming http://t.co/8aXER3814t,Pollen apocalypse from global warming,organic,,,,,,,
svetlyac,I am a teacher and a healthcare specialist interested in promoting healthy and happy life. You can get a lot of information on Twitter/svetlyac account.,RT @MedicalNews: Global warming brings on pollen http://t.co/926MXPfmfI,MedicalNews Global warming brings on pollen,retweet,,,,,,,
Kel5280,NA,RT @NWF: Global warming brings on more pollen: http://t.co/QAhubBBNmk via @CNN,NWF Global warming brings on more pollen via CNN,retweet,,,,,,,
KeithJonesJr,"Public servant by day, socialite by night! Mr. TIPPER, Social Activist for the LGBT movement, The definition of a MOREHOUSE Man.",Pollen count going up because of global warming. RIP my nose.,Pollen count going up because of global warming RIP my nose,organic,,,,,,,
FreedomSolarNY,FSA is a comprehensive renewable energy corp linking members together to create  green electricity in order to reduce CO2 emissions & mitigate climate change,"""Research also predicts that, as spring arrives earlier due to climate change, pollen seasons will begin earlier as well."" #350 #renewable",Research also predicts that as spring arrives earlier due to climate change pollen seasons will begin earlier as well renewable,organic,,,,,,,
FreedomSolarNY,FSA is a comprehensive renewable energy corp linking members together to create  green electricity in order to reduce CO2 emissions & mitigate climate change,"""Climate change could cause pollen counts to more than double over the next 30 years"" #350 #divest #solarpower http://t.co/XsR3pFTgpx",Climate change could cause pollen counts to more than double over the next years divest solarpower,organic,,,,,,,
topothemountain,driven by a desire to learn more,RT @billmckibben: Scientists: climate change causing much 'longer and more intense pollen production' Ragweed off the charts. Ah-choo ht ...,Scientists climate change causing much 'longer and more intense pollen production' Ragweed off the charts Ah choo ht,retweet,,,,,,,
SinusBuster,NA,"Climate change could cause #pollen counts to more than double over the next 30 years, via a Rutgers University study. http://t.co/aghoZ8kjds",Climate change could cause pollen counts to more than double over the next years via a Rutgers University study,organic,,,,,,,
BoulderDavid,"Writing on a positive future,1st book just published entitled September 2038 Have a Great wife, Traveler,Third World Woman Project Founder","Pollen Count, Allergies On The Rise Thanks To Climate Change http://t.co/dM6khs8BNQ via @HuffPostGreen",Pollen Count Allergies On The Rise Thanks To Climate Change via HuffPostGreen,organic,,,,,,,
EarthKnowledge,Earth Knowledge bridges expert Science & World Information for those who need to use it. Earth Knowledge Portal: World Information in Multimedia & Google Earth.,"UNFCCC: Pollen Count, Allergies On The Rise Thanks To Climate Change: Source: Huffington Post - Spring has... http://t.co/CFiShETher",UNFCCC Pollen Count Allergies On The Rise Thanks To Climate Change Source Huffington Post Spring has,organic,,,,,,,
Allergydc,NA,"As CO2 Emissions Rise, So Will Pollen Counts And Asthma Attacks: Climate change could cause pollen counts to m... http://t.co/WTooCmakkL",As CO Emissions Rise So Will Pollen Counts And Asthma Attacks Climate change could cause pollen counts to m,organic,,,,,,,
NewsShana,"Deputy night editor at the Daily Press. Loves news, running, books, TV and movies. And my dog.","Bad news, allergy sufferers: RT @Daily_Press: Climate change could hike pollen counts, allergy rates http://t.co/mAa81p8SXP",Bad news allergy sufferers RT Daily Press Climate change could hike pollen counts allergy rates,organic,,,,,,,
nyamnitz,"Entrepreneur, Athlete, Motivator, Friend, Brother, & Son. Owner of @STLBodyCoach & COO of @HiNRGFitness. Going 4 #Greatness Everyday. #humble & #hungry",Weather is warming up. Workouts are going great! Just gotta get all of this pollen out of here! #STL #allergies #headthrobbing,Weather is warming up Workouts are going great Just gotta get all of this pollen out of here STL allergies headthrobbing,organic,,,,,,,
CenteredPols,"Sheri Rivlin and Allan Rivlin edit http://CenteredPolitics.com a thoughtful, balanced discussion of politics and public policy. Retweets are not endorsements.",From 'Potent' Pollen to Double Whammy Allergy Seasons: How Climate Change Could Affect Seasonal Allergies - http://t.co/ZmXufrGKF5,From 'Potent' Pollen to Double Whammy Allergy Seasons How Climate Change Could Affect Seasonal Allergies,organic,,,,,,,
BiodiversityNew,"All about biodiversity is here. News, articles and more.",From 'Potent' Pollen to Double Whammy Allergy Seasons: How Climate Change Could Affect Seasonal A... http://t.co/OlukIgHdm2,From 'Potent' Pollen to Double Whammy Allergy Seasons How Climate Change Could Affect Seasonal A,organic,,,,,,,
WileyResearch,"Scientific, technical, medical and scholarly research news from Wiley. Visit our news room at http://www.wiley.com/go/press",How #pollen #fossils may enable reconstruction of past #climate - Journal of Quaternary Science ft. in @NatureNews - http://t.co/6SNHxtsKYe,How pollen fossils may enable reconstruction of past climate Journal of Quaternary Science ft in NatureNews,organic,,,,,,,
TrofosCom,"Greek Organic Delicatessen Marketplace.   

Ethical, traditional, community-based, human-centred market for Greek food lovers around the world.","Busy Bee Detox Juice! Full of belly warming ginger, lemony metabolism boost and bee pollen as an added immune... http://t.co/6ICgkgsNBA",Busy Bee Detox Juice Full of belly warming ginger lemony metabolism boost and bee pollen as an added immune,organic,,,,,,,
worldsnews1,NA,"Climate change linked to more pollen, allergies, asthma http://t.co/OjEZV6yKKY",Climate change linked to more pollen allergies asthma,organic,,,,,,,
Tim_HZ,"Common man that likes the Spurs,Rangers and Titans and the WWE. Love TV too but who doesn't? Yes, My nephew is Cuter than Me.",No Allergies for me.RT @USATODAY: Climate change is linked to more pollen. Have your allergies been (cont) http://t.co/ZxSUAUQtkE,No Allergies for me RT USATODAY Climate change is linked to more pollen Have your allergies been cont,organic,,,,,,,
pdykstra,"Publisher, http://t.co/yYIh43mX and http://t.co/QUDc8rdk  
Opinions, wisecracks are purely my own. RTs do not imply endorsement, it just means it's interesting",http://t.co/3aTtpWpVmi fm @USAToday's @wendykoch Climate &amp; increased pollen/allergies/asthma http://t.co/SJOcpSl4zM,fm USAToday's Climate amp increased pollen allergies asthma,organic,,,,,,,
Evolver_Chicago,⫸☥⫷ E V O L V E  to  S O L V E ⫸☥⫷ evolver.chicago@gmail.com,"""Climate change linked to more pollen, allergies, asthma""

This might explain that stuffy nose. 

Article:  http://t.co/jGxjqwdZ4Z",Climate change linked to more pollen allergies asthma This might explain that stuffy nose Article,organic,,,,,,,
Cocoxochitl,#food & #green shortyawards winner. All things #schoolgarden. @LexiconProject ranter. @MuirRanch teacher. #Dahlia rustler. Asphalt h8r. World's worst sous chef.,"RT @ChristopherNFox: USA Today - #Climate change linked to more pollen, allergies, asthma http://t.co/M2UQnABFtQ",ChristopherNFox USA Today Climate change linked to more pollen allergies asthma,reply,,,,,,,
BethSEGreen,Southeast Green - your trusted resource for green and sustainability business news in the Southeast; US-Heavy Tweeter; Most tweets are not my opinion,"RT @cleanenergyorg: Climate change linked to more pollen, allergies, asthma http://t.co/9TIsP83izC via @USATODAY",Climate change linked to more pollen allergies asthma via USATODAY,organic,,,,,,,
Allergydc,NA,"Climate Change Linked to More Pollen, Allergies, Asthma: More C02 in the air means more plant growth, more pol... http://t.co/OsqEuU1DDy",Climate Change Linked to More Pollen Allergies Asthma More C in the air means more plant growth more pol,organic,,,,,,,
EHPonline,"Official feed of EHP, an NIEHS/NIH journal of research & news on environment & human health. Privacy policy: http://go.usa.gov/YsvB. Content≠endorsement","EHPNoonNews: USA Today—Climate change linked to more pollen, allergies, asthma http://t.co/ewevTIubtK",EHPNoonNews USA Today Climate change linked to more pollen allergies asthma,organic,,,,,,,
LizSzabo,"USA TODAY medical reporter covering cancer, heart disease, pediatrics, public health, women's health, kids/parenting, AIDS, some environmental health.",RT @wendykoch looks at how climate change may be worsening hay fever and allergic asthma. http://t.co/Ho0R5TUSMK #allergy #pollen,looks at how climate change may be worsening hay fever and allergic asthma allergy pollen,organic,,,,,,,
monicaferro,Informavore | Interested in Tech & Culture trends | UX Researcher | HCI Student | Former Radio producer/host | Productivity Geek | Dogs and Gadgets lover | Mind,"Global warming linked to longer pollen season, rise in allergies, asthma http://t.co/UVGkceV5XO via @Circa",Global warming linked to longer pollen season rise in allergies asthma via Circa,organic,,,,,,,
EarthKnowledge,Earth Knowledge bridges expert Science & World Information for those who need to use it. Earth Knowledge Portal: World Information in Multimedia & Google Earth.,"ScienceDaily: Earth &amp; Climate: Flowers: Pistil leads pollen in life-and-death dance: Pollination, essential to... http://t.co/ESS9rhy7m0",ScienceDaily Earth amp Climate Flowers Pistil leads pollen in life and death dance Pollination essential to,organic,,,,,,,
JenniSiri,Spiritual Progressive Liberal 3D Artist Environmentalist and Humanitarian. I support the Occupy Movement.,July 1 News: Allergies Getting Worse? Climate Change Could Cause Pollen Counts To Double By 2040 http://t.co/qZVAgfwKlI,July News Allergies Getting Worse Climate Change Could Cause Pollen Counts To Double By,organic,,,,,,,
Credit2Credit,Everything you need to begin repairing your credit today. $$$$ Download our COMPLIMENTARY Quick Credit Repair Guide Today! $$$$,#business July 1 News: Allergies Getting Worse? Climate Change Could Cause Pollen Counts To Do... http://t.co/JHsI9xvt2j #progress #news,business July News Allergies Getting Worse Climate Change Could Cause Pollen Counts To Do progress news,organic,,,,,,,
zzzbam1,"* Lover of all things green, professional Landscape and Gardener. Jack Russell Terriers my favorite friends. Mother of 3,  Grandmother of two and ggmother 1",RT @colonialdude: “@Lawsonbulk: Climate change could cause pollen counts to double by 2040  http://t.co/XfcolFnpK9”,Lawsonbulk Climate change could cause pollen counts to double by,organic,,,,,,,
CafeNexo,Promoting human rights and grassroots diplomacy.,RT @climateprogress: Climate change could DOUBLE pollen counts by 2040 http://t.co/pu8mjyBFLZ,Climate change could DOUBLE pollen counts by,retweet,,,,,,,
GilCividanes,"Born and Raised in Brooklyn, New York. US HISTORY TEACHER 8th grade in New Jersey.Like History, Political Science, Old Rock N Roll and love to dance",RT @jricole: July 1 News: Allergies Getting Worse? Climate Change Could Cause Pollen Counts To Double By 2040 http://t.co/NUtmDvGXdI via @z…,July News Allergies Getting Worse Climate Change Could Cause Pollen Counts To Double By via,retweet,,,,,,,
LarryChretien,Director of nonprofit doing business as Mass. Energy and in RI as People's Power & Light.,RT @Mass_Energy: Climate change could cause pollen counts to double by 2040. It's time to switch to clean energy and control asthma. http:/…,Mass Energy Climate change could cause pollen counts to double by It's time to switch to clean energy and control asthma,retweet,,,,,,,
IreneSmith1971,#usa #nfl #beauty #blonde #software #architect,"RT @ClimateReality: #Climate change &amp; your allergies: ""More CO2 in the atmosphere stimulates plant growth &amp; pollen production"" http://t.co/…",ClimateReality Climate change amp your allergies More CO in the atmosphere stimulates plant growth amp pollen production,retweet,,,,,,,
thomaspetter,"Bible teacher, Old Testament Professor, missionary, reverend, lumberjack, husband of 25+years, Marcus' dad","Pollen Study Points to Culprit in Bronze Era Mystery http://t.co/NkOm58DB3P

Climate change a factor in ending LB, but not the only one",Pollen Study Points to Culprit in Bronze Era Mystery Climate change a factor in ending LB but not the only one,organic,,,,,,,
devine_don,"free markets & free people, make govt efficient & effective, army veteran, business leader, RT does not equal agreement, libertarian at heart","Pollen Study Points to Drought as Culprit in Bronze Age Mystery, via @nytimes climate change is constant http://t.co/xeAfmEMyKe",Pollen Study Points to Drought as Culprit in Bronze Age Mystery via climate change is constant,organic,,,,,,,
blakehounshell,"Deputy editor, POLITICO magazine, formerly at Foreign Policy. Mostly international, some politics. RT means it's interesting. bhounshell[at]politico",RT @timoreilly: “Understanding climate is key to understanding history” http://t.co/QynYwzgkqG Pollen studies explain Bronze Age collapse o…,Understanding climate is key to understanding history Pollen studies explain Bronze Age collapse o,retweet,,,,,,,
cablebec,"I manage a university cable television system and future journalists. My dream job is to work with animals again.  Spay/neuter saves lives. Adopt, don't shop.","Pollen, I have NOT missed you. Just when I can breathe again, you show up and remind me of the joys of travel between two climate zones.",Pollen I have NOT missed you Just when I can breathe again you show up and remind me of the joys of travel between two climate zones,organic,,,,,,,
Shelbaay_x3,I love muh Dillykinz :3,So happy it's almost spring and the weather is warming up! But I'm not looking forward to everything covered in pollen 👎🌻,So happy it's almost spring and the weather is warming up But I'm not looking forward to everything covered in pollen,organic,,,,,,,
Sermo,"A physicians-only community putting doctors at the center of medicine. Discuss clinical cases, new research and practice management.  Over 200,000 MDs and DOs.",How global warming affects medicine.  We were surprised with pollen count totals.  http://t.co/GIwhVuIMjm #globalwarming,How global warming affects medicine We were surprised with pollen count totals globalwarming,organic,,,,,,,
churchboi2014,Follow me I entertain!,Spring I'm so glad you graced us with your beautiful presence and warm climate...but see this pollen tho....and... http://t.co/LhE2num8Y0,Spring I'm so glad you graced us with your beautiful presence and warm climate but see this pollen tho and,organic,,,,,,,
Juz_Joshing,19 yr old college freshman at the Houn. I don't remember who I stole my bio from or why.,Washed my truck Sunday and it's completely covered in Pollen two days later. Gotta love Alabama climate.😒😡,Washed my truck Sunday and it's completely covered in Pollen two days later Gotta love Alabama climate,organic,,,,,,,
JAXFirstCoast,Jacksonville's First Social Specific Community News Website for the (904).,RT @theurbancore: If global warming is responsible for this pollen I'm getting a Prius,If global warming is responsible for this pollen I'm getting a Prius,retweet,,,,,,,
Green_Igloo,Green Igloo architects - transforming design into a sustainable reality.,RT @climatehawk1: Prepare 4 the pollen vortex: @TorontoStar http://t.co/bz8VrMlKwo #climate #globalwarming #allergy #health #divest,Prepare the pollen vortex TorontoStar climate globalwarming allergy health divest,retweet,,,,,,,
shainehandel,NA,RT @IrinaGreenVoice: Troublesome news for allergy suffers --&gt; More CO2 = More Pollen http://t.co/0BIph8eHUp http://t.co/a7Ra5ZPZvP #climate…,IrinaGreenVoice Troublesome news for allergy suffers gt More CO More Pollen climate,retweet,,,,,,,
ThatDonnaBrown,"Left-handed, left-minded tweeting | Paintings | Politics | PopCulture | Poetry | #ImCovered #MadMoney #GameofThrones #MadMen #TheGoodWife #OrphanBlack","RT @MotherJones: ""It's going to be a hell of a pollen season."" Why the polar vortex and climate change are to blame: http://t.co/SejCEskcoA",MotherJones It's going to be a hell of a pollen season Why the polar vortex and climate change are to blame,retweet,,,,,,,
NewJerseyNewser,"New Jersey Local and State News, Sports, Politics, and Entertainment. With a mix of National and World Happenings, and a little bit of tongue-in-cheek.","Warming temperatures, high pollen count expected this week http://t.co/RKnAuYV12z",Warming temperatures high pollen count expected this week,organic,,,,,,,
MikeDavis10TV,"I am a meteorologist at WBNS-10TV, Central Ohio's News Leader.",Dry &amp; warming up. Pollen levels remain high. The slight dip tomorrow is due to some AM showers. Join us at noon. http://t.co/a2OAUMRS9R,Dry amp warming up Pollen levels remain high The slight dip tomorrow is due to some AM showers Join us at noon,organic,,,,,,,
estherchenart,I'm an illustrator. I like to paint. I also like narratives where weird things are treated as normal and everyday.,"“I have a white car, which was yellow from the pollen. All right, spruce. This isn't a frat house. Knock it off.” -My climate change teacher",I have a white car which was yellow from the pollen All right spruce This isn't a frat house Knock it off My climate change teacher,organic,,,,,,,
WeatherWes,"Chief Meteorologist @WNCN in Raleigh, NC. I Tweet about Carolina weather & stuff you might need on Jeopardy one day!  I love lamp & Cardinals baseball.",Pretty sure doctor on CBS This Morning just blamed higher pollen levels on global warming. #StillHaveToWashCar,Pretty sure doctor on CBS This Morning just blamed higher pollen levels on global warming StillHaveToWashCar,organic,,,,,,,
dconheels,"Life, Liberty and the Pursuit of Fabulous.",With the warming weather comes pollen from the DMV's budding trees. We have some tips to ease your allergy symptoms. http://t.co/XL6NSIt8wJ,With the warming weather comes pollen from the DMV's budding trees We have some tips to ease your allergy symptoms,organic,,,,,,,
Watchdogsniffer,"Media for Progress at the Grassroots. WP Aggregates, Investigates & Advocates. SEJ Member. WP News Watch at: http://www.wpnewswatch.com",26 Million People in the World Have Asthma - Climate Change is affecting pollen counts/pollen season which aggravates the condition.,Million People in the World Have Asthma Climate Change is affecting pollen counts pollen season which aggravates the condition,organic,,,,,,,
MaryCKenn,"Cash Grains Analyst at DTN. Former wheat, durum, barley trader; corn buyer for Ethanol; MN Twins, Wild & Gopher Hockey & Cubs fan.","Federal report: Warming is disrupting America with weird weather, rising pollen, more costs http://t.co/yezN6fsM69",Federal report Warming is disrupting America with weird weather rising pollen more costs,organic,,,,,,,
j03_2,"Rights Advocate Covering: NatSec,  §215,  §702, EO12333, &  the clash between the oppressed & those who do the oppressing via economic Inequity and austerity",RT @ProPublica: One nugget from the #climate change report: pollen season is expanding. http://t.co/jtovaOjtHn &lt;- More at WaPo http://t.co/…,ProPublica One nugget from the climate change report pollen season is expanding lt More at WaPo,retweet,,,,,,,
ISF_United,Supporting @IS_Foundation by educating youth of the current environmental & animal crises. Personal account @TreeHugginVamp,RT @Alex_Verbeek: You Might Be Allergic to #Climate Change http://t.co/hZxsUWBpZI #allergy #pollen #health http://t.co/P1jPmq3MiR,Alex Verbeek You Might Be Allergic to Climate Change allergy pollen health,retweet,,,,,,,
BlueCedarAngel,#Gitxsan #Aboriginal located on #Musqueam Territory #IdleNoMore #sealfie #mmiw #saysomething against racial economic accepted socio-stratification,RT @rabbleca: Affected by a longer #pollen season? You might be allergic to global warming says @DavidSuzuki http://t.co/6NSLXeMjp6 #climat…,Affected by a longer pollen season You might be allergic to global warming says DavidSuzuki climat,retweet,,,,,,,
femspired,"That which is striking and beautiful is not always good, but that which is good is always beautiful.",RT @Watchdogsniffer: Fracking - Methane - Rising Carbon Dioxide - Global Warming - Climate Change -  Increased Pollen - More Allergies and …,Watchdogsniffer Fracking Methane Rising Carbon Dioxide Global Warming Climate Change Increased Pollen More Allergies and,retweet,,,,,,,
Watchdogsniffer,Media for Progress - Independent Free Press/News and Views Since 2011. SEJ Member. WP News Watch at: http://www.wpnewswatch.com,"Climate Change: ""There's clear evidence that pollen season is lengthening and total pollen is increasing"" ~ George Luber, #CDC",Climate Change There's clear evidence that pollen season is lengthening and total pollen is increasing George Luber CDC,organic,,,,,,,
nanopatents,"Freelance writer, Editor for Before It's News,  Analyst For IRAP, Inc. Blogger .  I cover nanotechnology, science in general,  UFOs and the paranormal and more",How Do Pollen Particles In The Atmosphere Influence Climate? http://t.co/tUEJ7egdC1,How Do Pollen Particles In The Atmosphere Influence Climate,organic,,,,,,,
Hunter_Jon,Tweets most likely to be on energy and environmental policy. Or homebrew.,"New White House report on health impacts of global warming. MN mentions: Lyme disease and ragweed pollen. 
http://t.co/cighGn6z1d",New White House report on health impacts of global warming MN mentions Lyme disease and ragweed pollen,organic,,,,,,,
SustEarth,http://sustainable-earth-adventures.com - Building Sustainable Communities by Traveling Without a Trace,RT @NRDC: Did you know? Ragweed flourishing in warmer #climate &amp; emits pollen up to a month longer some places than 20 yrs ago. http://t.co…,NRDC Did you know Ragweed flourishing in warmer climate amp emits pollen up to a month longer some places than yrs ago,retweet,,,,,,,
Loolabette,I am working on my own menagerie.#twethaus mom. 3DS: 1177-8847-6689.,@Smebble global warming is apparently making allergies a lot worse bc pollen is worse due to the heat,Smebble global warming is apparently making allergies a lot worse bc pollen is worse due to the heat,reply,,,,,,,
crudupeudeans,father of  two daughters.equal pay equal rights never loss hope  #uniteblue,"RT @climatehawk1: #Climate change fueling increase in #pollen, #allergies: @MichiganRadio http://t.co/p4eMgpFDyM #globalwarming #health",Climate change fueling increase in pollen allergies MichiganRadio globalwarming health,retweet,,,,,,,
witfnews,witf's news team keeps you up-to-date on the issues impacting Central Pennsylvania. Count on witf to keep you informed on what's really happening in our region.,"""There's some evidence that in general with global warming and warming temperatures, the pollen seasons are longer."" http://t.co/HFZTWoGRxW",There's some evidence that in general with global warming and warming temperatures the pollen seasons are longer,organic,,,,,,,
ga_tobin,"Anti-social media pioneer. Trophy husband, beloved father and grandfather. So there's that.","@donsurber 

Trees cause climate change. Pollen is rape.
Get your roots out of Our Mother Earth!",Trees cause climate change Pollen is rape Get your roots out of Our Mother Earth,reply,,,,,,,
wkycweather,WKYC's official Weather Twitter page keeping northeast Ohio #Weather Ready. Like us on Facebook at http://fb.com/WKYC.Channel3.Weather,"Earth Gauge: Climate Change, Pollen and Allergy Season http://t.co/aagUnzYRX2 http://t.co/sShY0rTjM0",Earth Gauge Climate Change Pollen and Allergy Season,organic,,,,,,,
SOSElderCareMod,PROVIDING NEWS & INFO. ABOUT HEALTH CARE RELATED ISSUES - SOS Elder Care is an  in home care service for adults and seniors in the Central Valley of California.,"Climate Change Will Boost Grass Pollen Production, Study Contends - See more at:  http://t.co/bwimqkmavm",Climate Change Will Boost Grass Pollen Production Study Contends See more at,organic,,,,,,,
GCM_Magazine,The official publication of the Golf Course Superintendents Association of America,UMass researchers say climate change will increase grass pollen load http://t.co/hZ0stwsHSl @jmalbertine @mdacostaUMASS #ACSMtg,UMass researchers say climate change will increase grass pollen load mdacostaUMASS ACSMtg,organic,,,,,,,
heatherooski,"Just a woman in her 20's trying to make something of herself, and enjoy life.",RT @washingtonpost: Global warming could make your pollen allergies a lot worse http://t.co/xZ9SN1PYrT,Global warming could make your pollen allergies a lot worse,retweet,,,,,,,
ryancduff,"I love @crystalduff
Spend my days building cool shit with WordPress. 
Head escape goat, weather geek.
BBQ connoisseur / for hire. 
#GetOffMyLawn","RT @policlimate: Guess WashPo is just going to recycle old ""Global warming makes ____ worse"" stories now.  Pollen ""a lot worse""
http://t.co…",Guess WashPo is just going to recycle old Global warming makes worse stories now Pollen a lot worse,retweet,,,,,,,
DenverCEOs,Join the http://Denver.CEO community. Connect & network with other VIP CEOs. Purchase your CEO domain & Create your CEO Identity at http://Claim.CEO.,RT @ClimateComms: Global warming could make your pollen allergies a lot worse http://t.co/uyJ8GWQU2E,ClimateComms Global warming could make your pollen allergies a lot worse,retweet,,,,,,,
RyanMaue,Meteorologist #PhD Tweeting the #weather. Expert opinions solely mine.  U of Mich #GoBlue & Florida State Univ #Noles #maps #hurricanes #data,"Who else has seen this tired story 10x before already from WashPo?
""Global warming could make your pollen allergies a lot worse""
#recycled",Who else has seen this tired story x before already from WashPo Global warming could make your pollen allergies a lot worse recycled,organic,,,,,,,
sellis1994,"Farmer,husband,dad,sports guy. stephen C Ellis","RT @jddickson: WaPo: Global Warming Will Make Pollen Allergies Worse…
Another prediction that's as good as If you like your plan, you can k…",WaPo Global Warming Will Make Pollen Allergies Worse Another prediction that's as good as If you like your plan you can k,retweet,,,,,,,
BlissTabitha,Bitter Clinger that's sick of the left shredding our constitution! #Israel #teaparty #tcot #TGDN #ORPUW #pjnet Conservative Christian that's 1000% Anti-Obama!,WaPo: Global Warming Will Make Pollen Allergies Worse… http://t.co/77658gPkDn,WaPo Global Warming Will Make Pollen Allergies Worse,organic,,,,,,,
tselliot3,"LTC, Retired. Author of Tampa Star & Starfish Prime. I write about heroes with a few chinks in their armor. #OperationFollowback http://www.tsoneil.com","WaPo: Global Warming Will Make Pollen Allergies Worse…
http://t.co/OU81tpRMRw via @WeaselZippers",WaPo Global Warming Will Make Pollen Allergies Worse via WeaselZippers,organic,,,,,,,
Lisatpirotea,"Mom, work very much, great ideas, share ideas, how to do... or How to find a... share my ideas and i share you ideas, help me to find great info on the web.","#BedBugs Title: Climate Change Will Boost Grass Pollen Production, Study ContendsCategory: Health NewsCreated:... http://t.co/NJf4akFEgy",BedBugs Title Climate Change Will Boost Grass Pollen Production Study ContendsCategory Health NewsCreated,organic,,,,,,,
WRIClimate,"Updates from The World Resources Institute's Climate Program.
Tweets by Max Frankel",Study: Global warming will increase pollen and allergen exposure via @UPI http://t.co/9lvtAi0K8H,Study Global warming will increase pollen and allergen exposure via UPI,organic,,,,,,,
leclemot,"Married woman who loves all things political, all things spiritual, & all things French. Loves genealogy, books, films, theater & intelligent conversation",Climate Change Will Send Pollen Count Soaring - Truthdig: http://t.co/vnhHxZqvWK Hope its the climate deniers who suffer from hay fever,Climate Change Will Send Pollen Count Soaring Truthdig Hope its the climate deniers who suffer from hay fever,organic,,,,,,,
SeekingEcopolis,"Environmentalist | Urbanist | Episcopalian | But best of all, husband & father | All views mine!",How Climate Change Could Increase Pollen Levels by 200% » EcoWatch #allergens #health #climatechange  http://t.co/pn4nLxBjCd,How Climate Change Could Increase Pollen Levels by EcoWatch allergens health climatechange,organic,,,,,,,
lbragen,old and tired,RT @tveitdal: New US reserach: Climate change will send pollen count soaring http://t.co/vIwDQVIUOG,New US reserach Climate change will send pollen count soaring,retweet,,,,,,,
REVOLUTIONSOLAR,"Ken's serves as MN Director of Business Development for SunShare. Tweets are my opinions & suggested reading about solar, energy & other topics!",How Climate Change Could Increase Pollen Levels by 200% http://t.co/NduRz7HMd1,How Climate Change Could Increase Pollen Levels by,organic,,,,,,,
ChuckSherwood1,Public Sector Consultant focusing on Telecommunications Planning and Community Needs Assessments for Cable Franchise Renewals,Climate change will send pollen count soaring | Tim Radford | Climate News Network http://t.co/dvZHaaq8ti,Climate change will send pollen count soaring Tim Radford Climate News Network,organic,,,,,,,
NursingCenter,"Created by nurses, for nurses, NursingCenter is the premier destination for peer-reviewed nursing journals and continuing education resources.",Climate Change Will Boost Grass Pollen Production http://t.co/kZ0x8NSMJp,Climate Change Will Boost Grass Pollen Production,organic,,,,,,,
GreenHouseEco,"Sharing green cleaning & sustainable home, office & lifestyle tips. Huff Post blogger. NY Mag BEST OF #Green #Cleaning #Brooklyn","A new climate change concern:  huge increase in hay fever and pollen allergies http://t.co/sS3CeOyllu #climatechange, #allergies",A new climate change concern huge increase in hay fever and pollen allergies climatechange allergies,organic,,,,,,,
EcoAnchorNYC,Eco Anchor NYC: Your online resource for environmental news and green events in the greater New York City area.,How Climate Change Could Increase Pollen Levels by 200% http://t.co/0r5pJWhQg7 via @feedly,How Climate Change Could Increase Pollen Levels by via,organic,,,,,,,
CaptivatingNews,Official Account of CaptivatingNews.  All the latest political news. We are progressive. No RW slant. Get the truth about what is happening in your world.,How Climate Change Could Increase Pollen Levels by 200% http://t.co/hNIrGtjRKr #p2,How Climate Change Could Increase Pollen Levels by p,organic,,,,,,,
4tires94703,"Disability rights activist, 57, lives in Berkeley, CA, founding member of N.California ADAPT, CUIDO (Communities United In Defense of  Olmsted).","How Climate Change Could Increase Pollen Levels by 200%: 
Global warming will lead a huge increase in hay feve... http://t.co/2WF22YVK5o",How Climate Change Could Increase Pollen Levels by Global warming will lead a huge increase in hay feve,organic,,,,,,,
BibArch,Exploring the archaeology of the Bible. The Twitter page of Biblical Archaeology Review.,RT @bibleodyssey: It's all about the #pollen. Israel Finkelstein on the ancient #climate: http://t.co/jRyU7QUkzW http://t.co/e11u5BdB87,It's all about the pollen Israel Finkelstein on the ancient climate,retweet,,,,,,,
FaintTraces,"News and views on theory, practice, and novel applications of archaeological science. Plumbing the ancient past, informing current debates.","Pollen, isotopes and trace elements in sediment core from Cantona, MX, suggest Maya felt climate change's impact. http://t.co/zjBgxIgvIM",Pollen isotopes and trace elements in sediment core from Cantona MX suggest Maya felt climate change's impact,organic,,,,,,,
NYCAllergyDr,"Treating Allergy, Asthma and Sinus conditions in NYC - Best Asthma Blog  2013 & 2014 http://www.nycallergydoctor.com",New findings on climate change links carbon to pollen production. We've seen increases in cases and duration of… https://t.co/BJLMgqUzwa,New findings on climate change links carbon to pollen production We've seen increases in cases and duration of,organic,,,,,,,
NewVAMajority,NVM is committed to socioeconomic justice for all Virginians. Our retweet's and follows are solely for educational purposes and are not political endorsements,"RT @CleanAirMoms: Studies link #climate change to longer, more intense hay fever season http://t.co/cJWtAR9ETa via @KCStar #pollen",CleanAirMoms Studies link climate change to longer more intense hay fever season via KCStar pollen,retweet,,,,,,,
AbiStone,Researching dryland dynamics over Quaternary & recent timescales. Lecturer at The University of Manchester. VRA University of Oxford. Aspiring photographer.,RT @Climatica: @QEGMan are busy exploring pollen grains @McrMuseum for our Climate Science Big Saturday http://t.co/CmHcFzwhAW,Climatica QEGMan are busy exploring pollen grains McrMuseum for our Climate Science Big Saturday,retweet,,,,,,,
pollendoctoledo,"BS: Johns Hopkins, MD: Temple, Internal Medicine and Allergy Fellowship: University of Michigan",A real winter-snow cover. Nothing in air for several months. With expected warming tree pollen(silver maple and elm)will start in a week,A real winter snow cover Nothing in air for several months With expected warming tree pollen silver maple and elm will start in a week,organic,,,,,,,
ErinEllis,"Personal health reporter, Vancouver Sun","Vancouver's allergy season predicted to be longest since 2010. http://t.co/Jn8S05aSX4
#tree pollen #global warming http://t.co/s7ksXpB3wl",Vancouver's allergy season predicted to be longest since tree pollen global warming,organic,,,,,,,
RudyJohn03,Sports geek | #HTTR | PennState | MX/SX Crazed | Uptight people suck | Laugh | Love life | Dog / son are my best friends.,"@WCIA3Lisa Pollen? That means things are growing! Which means its ""warming up"". Which means I like you, @WCIA3Derick and @WCIA3Mike again",WCIA Lisa Pollen That means things are growing Which means its warming up Which means I like you WCIA Derick and WCIA Mike again,reply,,,,,,,
CTrafficDevices,"Carolina Traffic Devices, Rent and sell high-quality, cost-effective traffic control products. New & Used Barrier Wall, Message Boards & more. VA, NC, SC, GA","The weather is warming up, work is picking up and the pollen is turning everything green. #spring #Carolinatrafficdevices #construction",The weather is warming up work is picking up and the pollen is turning everything green spring Carolinatrafficdevices construction,organic,,,,,,,
AccuracyInMedia,"AIM is America's original media watchdog, promoting fairness, balance, and accuracy in news reporting.",VIDEO: Obama Blames Global Warming (not Smoking or Pollen) for Daughter's Asthma. Seriously: http://t.co/mStzSkqp4n #tcot,VIDEO Obama Blames Global Warming not Smoking or Pollen for Daughter's Asthma Seriously tcot,organic,,,,,,,
redberg97,"*GOD *FAMILY *COUNTRY *feet hit earth in 79' *married w 2 kiddos *tax payer (CONSTITUTION). *Anti Islam *Current WH admin SUX *Tea-Party militia, sure!",RT @AccuracyInMedia: VIDEO: Obama Blames Global Warming (not Smoking or Pollen) for Daughter's Asthma. What's with this? http://t.co/C0lWX4…,AccuracyInMedia VIDEO Obama Blames Global Warming not Smoking or Pollen for Daughter's Asthma What's with this,retweet,,,,,,,
MarkCNottingham,University of Manchester Planetary Science PhD student - Learning the art of shooting meteorites with lasers! I also write for the Earth and Solar System Blog.,An often overlooked advantage to working in a lab with climate control... clean pollen free air! (my body is rebelling against spring =( ),An often overlooked advantage to working in a lab with climate control clean pollen free air my body is rebelling against spring,organic,,,,,,,
NoTalk2014,CTO,"@PatriciaKellogg Ohio is pretty and very far away.  Pretty day here, warming up, raining lots of yellow-green pollen, ugh.",PatriciaKellogg Ohio is pretty and very far away Pretty day here warming up raining lots of yellow green pollen ugh,reply,,,,,,,
Sharon59,"Interested in progressive social change/justice, UU,  racial justice, human rights Filipino American, Arts, Community activism, immigrant rights, feminism","RT @racism_radar: #gogreen Climate Change May Speed Asthma Spread: Global warming changes how and when plants release pollen, a ...  http:/…",gogreen Climate Change May Speed Asthma Spread Global warming changes how and when plants release pollen a,retweet,,,,,,,
ClimateHotNews,Changing the conversation on climate change. Providing you with a daily update on all things climate: http://bit.ly/ClimateHotNews,"Climate change may speed #asthma spread, as #warming changes how and when plants release pollen http://t.co/3uvIGXl0qS",Climate change may speed asthma spread as warming changes how and when plants release pollen,organic,,,,,,,
healthjournal,"Sharing health, diet and fitness information from a variety of trusted sources. Don't be shy to ask us for advice or links to information","Climate Change May Speed Asthma Spread: Global warming changes how and when plants release pollen, a trigger f... http://t.co/RSalY82aFR",Climate Change May Speed Asthma Spread Global warming changes how and when plants release pollen a trigger f,organic,,,,,,,
billmckibben,"Author, Educator, Environmentalist and Founder of http://350.org","SciAm: climate change speeding asthma spread, as pollen season lasts long http://t.co/7fG81MP6px",SciAm climate change speeding asthma spread as pollen season lasts long,organic,,,,,,,
MorganiHeath,NA,"RT @gochonggo31: People say that nuclear war or global warming will end the human race.

No. Bloomington pollen. Bloomington pollen's endin…",People say that nuclear war or global warming will end the human race No Bloomington pollen Bloomington pollen's endin,retweet,,,,,,,
Panoss_64,Seeing #technology always from a #business perspective.... and also very curious about #social media and #mobile devices such as iPhone and #iPad.,'Pollen Tsunami' is real and it's awful http://t.co/7McBYslcMF #usworld #us #climate,'Pollen Tsunami' is real and it's awful usworld us climate,organic,,,,,,,
MconneX,"Connecting Michigan Engineering Alumni, Faculty, Students and more. Maintained by: George Blichar - MconneX Alumni Engagement Specialist",Pollen might play a much bigger role than we think in cloud and climate makeup http://t.co/l5R2Fu0lCu @weatherchannel http://t.co/i2AAfuDpbq,Pollen might play a much bigger role than we think in cloud and climate makeup,organic,,,,,,,
BowmanSustMgr,Sustainability Manager for Gulfstream Aerospace,"Climate change impacting health.  http://t.co/wocwhauoKb  Longer pollen seasons, lung/respiratory impact seen first.",Climate change impacting health Longer pollen seasons lung respiratory impact seen first,organic,,,,,,,
Alexa1018,#Pansexual #Vegan #Feminist My Twitter feed isn't for the weak. #SocialistAlternative #BlackLivesMater #FundTheT #Trans #15Now #QUILTBAG & more. Also @LtAlexa.,"""'We're seeing longer pollen seasons, starting earlier and lasting longer,' Dr. Basset said. He points to climate... http://t.co/C2nkaSnUA1",'We're seeing longer pollen seasons starting earlier and lasting longer ' Dr Basset said He points to climate,organic,,,,,,,
climatehawk1,"Communications consultant & climate hawk. Tweets all #climate, all the time.  Opinions mine, RTs & follows not endorsements. #globalwarming #agw #science",Americans in Northeast Suffering From '#Pollen Tsunami' http://t.co/LOk5T4xU1N #climate #globalwarming #health #allergies,Americans in Northeast Suffering From ' Pollen Tsunami' climate globalwarming health allergies,organic,,,,,,,
DaiIyMANCHESTER,All of the latest news and updates for the Greater #Manchester area,"ITV GRANADA: Warming up into next week, but pollen counts will rise http://t.co/fl6hw1DTKJ http://t.co/wY7Y2gWBZy",ITV GRANADA Warming up into next week but pollen counts will rise,organic,,,,,,,
cgrpowers,"Trainer, Blogger, Speaker, avid Geneologist.  Grew up all over the place. Lots of life lessons learned on both sides of the pond.","RT @TAMU: Pollen may affect Earth's climate, according to new #TAMU &amp; @umich study: http://t.co/n8ImnCLI3n http://t.co/u1d4vISVGK",TAMU Pollen may affect Earth's climate according to new TAMU amp study,retweet,,,,,,,
sritterz,"Hi folks. I'm a science writer and editor for Chemical & Engineering News. Family man, wanderer (runner, bicyclist, hiker), gardener, dreamer, home brewer ...","Fungus and flowers bring May showers: new findings on how spores and pollen affect cloud formation, maybe climate http://t.co/iTOtnAqpdN",Fungus and flowers bring May showers new findings on how spores and pollen affect cloud formation maybe climate,organic,,,,,,,
ClimateHotNews,Changing the conversation on climate change. Providing you with a daily update on all things climate: http://bit.ly/ClimateHotNews,Richmond is the worst U.S. city for pollen &amp; air pollution: study http://t.co/Oe2vSLoZiy via @NYDailyNews #asthma #climate,Richmond is the worst U S city for pollen amp air pollution study via NYDailyNews asthma climate,organic,,,,,,,
nereidadin,Writer. Blogger. Wife. Twenty-something mother. Fake foodie. Fashion lover. Pop culture fiend. Opinion queen.,Your pollen allergy is going to get even worse because of climate change http://t.co/Pdl4C6tsbi,Your pollen allergy is going to get even worse because of climate change,organic,,,,,,,
philipjreed,"Game designer, toy blogger, and CEO of @sjgames","RT @qz: Your pollen allergy may feel miserable now, but it’s going get even worse thanks to climate change http://t.co/2qVT8xhled",Your pollen allergy may feel miserable now but it s going get even worse thanks to climate change,retweet,,,,,,,
Cristit91,NA,"Your pollen allergy may feel miserable now, but it’s going to get even worse thanks to climate change http://t.co/MunVylqd63",Your pollen allergy may feel miserable now but it s going to get even worse thanks to climate change,organic,,,,,,,
TyberZannxxxx,Unemployed; Student at Camden County College,"RT @EPA: Asthma triggers like mold, pollen &amp; outdoor air pollution can be worsened by climate change.  #asthma #ActOnClimate http://t.co/XZ…",EPA Asthma triggers like mold pollen amp outdoor air pollution can be worsened by climate change asthma ActOnClimate,retweet,,,,,,,
ShellJeepBlonde,NA,"RT @EPA: #Asthma triggers such as mold, pollen and outdoor air pollution can be impacted by climate. Let’s #ActOnClimate &amp; protect our heal…",EPA Asthma triggers such as mold pollen and outdoor air pollution can be impacted by climate Let s ActOnClimate amp protect our heal,retweet,,,,,,,
EPA,"News, links, tips, and conversation from the U.S. Environmental Protection Agency. Neither RT nor @mentions imply endorsement.","#Asthma triggers such as mold, pollen and outdoor air pollution can be impacted by climate. Let’s #ActOnClimate &amp; protect our health.",Asthma triggers such as mold pollen and outdoor air pollution can be impacted by climate Let s ActOnClimate amp protect our health,organic,,,,,,,
AloeMantis,Woodland hiker on the trails of Ontario. (( /| )),"RT @XOXOEarth: Play &gt;&gt; To Bee .mp3

honey conjured for their babies
pollen fetched for the queen
rousing fl http://t.co/AaFfdjb1GC #Climate…",XOXOEarth Play gt gt To Bee mp honey conjured for their babies pollen fetched for the queen rousing fl Climate,retweet,,,,,,,
sjGoring,Assistant Scientist in the Department of Geography at the University of Wisconsin-Madison. All thoughts/tweets my own.,"RT @sjivory: Also my first palyno student, undergrad Josie Benson, to present Holocene pollen from Lake Edward at #GSA2015! Climate and lan…",Also my first palyno student undergrad Josie Benson to present Holocene pollen from Lake Edward at GSA Climate and lan,retweet,,,,,,,
leafwarbler,Interdisciplinary Urban Ecologist @FresnoBiology | Host @ValleyCafeSci's #ScienceCandle radio show & podcast | Blog: http://coyot.es/reconciliationecology,RT @skmorgane: .@jessicablois: used network of fossil pollen sites in eastern U.S. To examine richness dynamics wrt climate #ESA100,used network of fossil pollen sites in eastern U S To examine richness dynamics wrt climate ESA,retweet,,,,,,,
Jiangxiao_Qiu,"Interested in ecosystem services, landscape ecology, global change and invasive species. PhD student at University of Wisconsin-Madison.","@jessicablois No systematic declines in pollen richness observed over time, but its composition changes and is related to climate #ESA100",No systematic declines in pollen richness observed over time but its composition changes and is related to climate ESA,reply,,,,,,,
IHStreet,Plant scientist. Introvert. Educator. Writer. Manager of Depression. Dispenser of advice from plants: http://plantscienceadvice.tumblr.com.,RT @hufbauer: So interesting to learn from @JacquelynGill how paleo pollen data reveal shifts w climate change #ESA100,So interesting to learn from JacquelynGill how paleo pollen data reveal shifts w climate change ESA,retweet,,,,,,,
nicolegaitan,"Artist, runner, Jack Yogi, bathtaker, animal lover, wino, introvert, extrovert, free spirit, lover. http://nicolegaitan.tumblr.com http://nicolegaitan.com",Healing + Warming Turmeric Smoothie With Bee Pollen http://t.co/yaq5JcUlN6,Healing Warming Turmeric Smoothie With Bee Pollen,organic,,,,,,,
PPotterEwald,Writer leaning in. (RTs do not imply endorsement.),RT @greenroofsuk: LATE FOR AN IMPORTANT DATE _ #Climate change is making pollen and #pollinators miss each other#bees #biodiversity http://…,LATE FOR AN IMPORTANT DATE Climate change is making pollen and pollinators miss each other bees biodiversity,retweet,,,,,,,
ColumbiaScience,Science and technology news from @Columbia University in the City of New York. Media contact: 212-854-5573,"Using pollen spores, scientists can track ecosystem changes across millennia: http://t.co/Aay859AiUG #climate http://t.co/SsE8Sxx5xs",Using pollen spores scientists can track ecosystem changes across millennia climate,organic,,,,,,,
chatelainedc,"Here in DC from Bristol, RI. Civil rights advocacy is my passion.",I think I have climate change allergies. Pollen in December.,I think I have climate change allergies Pollen in December,organic,,,,,,,
SustyAdvocate,"Climate Communications Coordinator, @HCWithoutHarm. @JMU M.A. Candidate, #environmental #advocacy. Tree-hugging animal lover. #vegan. Obsessed with #starwars","RT @Mason4C: Heat, Pollen, and Air Pollution: Climate Change and the Increase in Allegies #ClimateHealth #Climate https://t.co/5tCy26xHWt v…",Mason C Heat Pollen and Air Pollution Climate Change and the Increase in Allegies ClimateHealth Climate v,retweet,,,,,,,
ourbluemarble,"Promoting where we’re getting it right,#sustainability successes preserving our big beautiful blue marble Earth.  Writer,artist,photographer,speaker,mom,friend.",Fossilized Pollen Reveals Climate Clues https://t.co/RVZ0U3pvJn,Fossilized Pollen Reveals Climate Clues,organic,,,,,,,
BG_Grace,"Palaeo cat, & general science man. Likes a spot of history, fossil hunting & rock music. Hoping to do a palaeo-PhD if somebody will fund & supervise me.",Mid Miocene vegetation &amp; climate dynamics in Bulgaria &amp; Poland based on pollen data (£) https://t.co/UbQVqnF6Cu,Mid Miocene vegetation amp climate dynamics in Bulgaria amp Poland based on pollen data,organic,,,,,,,
WCBD,"WCBD-TV News 2. Follow us for the latest News, Weather and Sports in the South Carolina Lowcountry. #chsnews #chswx #chstrfc",It's warming up... So pollen levels are through the roof! #chswx https://t.co/bqS64EObxH,It's warming up So pollen levels are through the roof chswx,organic,,,,,,,
Devinemb,"News Specialist at WALB, Christian, saved, love God, nerd, computer geek, love anime, old school. Fun yet serious type guy.",It is warming up but the pollen is unmerciful to allergy sufferers and vehicles owners. You gotta take allergy medicine and washing vehicles,It is warming up but the pollen is unmerciful to allergy sufferers and vehicles owners You gotta take allergy medicine and washing vehicles,organic,,,,,,,
yourAllergyDoc,"allergist, pediatrician and public health advocate. tweets about wheezing, sneezing, itching, stings are not medical advice. @ACAAI @AAAAI_org @AmerAcadPeds",RT @worldallergy: Press Release: World Allergy Week 2016 addresses climate change effects on pollen allergy season https://t.co/HcrRsnxrDh,Press Release World Allergy Week addresses climate change effects on pollen allergy season,retweet,,,,,,,
ChristieTaylor,Radio Personality & Screenwriter. Founder of @ScriptPolishers and Co-Founder of @IFACMemphis & @TFWScribes. #LivingLIFE,"RT @MemphoNewsLady: Temperatures are finally warming up. So's the pollen count. #Memphis #springallergies 😢😪😷
https://t.co/C7bIlVSWii https…",MemphoNewsLady Temperatures are finally warming up So's the pollen count Memphis springallergies,retweet,,,,,,,
PLRPhD,Life is about give and takes | Give thanks | Take chances |  Patent agent trainee with Sim & McBurney | I enjoy blending science and law to protect your IP,RT @AirmidHealth: 4-10 April is #WorldAllergyWeek 2016: @worldallergy will address effects of climate change on #pollen allergy season http…,AirmidHealth April is WorldAllergyWeek will address effects of climate change on pollen allergy season,retweet,,,,,,,
AboutPediatrics,"Dr. Iannelli is a Pediatrician, author of the Everything Father's First Year Book, and is the Pediatrics Guide at http://pediatrics.about.com.",RT @ACAAI: World Allergy Week is April 4-10. The focus is how climate change affects pollen allergies worldwide. Find out more https://t.co…,ACAAI World Allergy Week is April The focus is how climate change affects pollen allergies worldwide Find out more,retweet,,,,,,,
yourAllergyDoc,"allergist, pediatrician and public health advocate. tweets about wheezing, sneezing, itching, stings are not medical advice. @ACAAI @AAAAI_org @AmerAcadPeds",RT @AAAAI_org: World #Allergy Week is April 4-10. Join in &amp; increase awareness of Pollen Allergies - Adapting to a Changing Climate https:/…,AAAAI org World Allergy Week is April Join in amp increase awareness of Pollen Allergies Adapting to a Changing Climate,retweet,,,,,,,
KayleeShalett,"All opinions, beliefs, and statements expressed here are my own.","RT @ClimateCentral: We know bouts of heavy precip will be increasing with climate change, but did you know pollen production will too? http…",ClimateCentral We know bouts of heavy precip will be increasing with climate change but did you know pollen production will too,retweet,,,,,,,
ArsalanAKhan,SPICE Advisor | Blogger | Not responsible for what others post | http://www.ArsalanKhan.com | Speaker,National Institutes of Health (NIH): Pollen Overload: Seasonal Allergies in a Changing Climate https://t.co/AYW3dJgmyb,National Institutes of Health NIH Pollen Overload Seasonal Allergies in a Changing Climate,organic,,,,,,,
J_Critcher,"School Nurse, team leader, practice teacher and  lecturer on SCPHN programme . Well Child  Best Community Practitioner in 2006.All views expressed are personal",RT @IgECPD: It's #WorldAllergyWeek This year's focus is on the Burden of Pollen Allergies and its Relationship to Climate Change https://t.…,IgECPD It's WorldAllergyWeek This year's focus is on the Burden of Pollen Allergies and its Relationship to Climate Change,retweet,,,,,,,
ModuleMD_EHR,ModuleMD offers a variety of software and service solutions for medical practices. Providing solutions...not just software.,Pollen Overload: Seasonal Allergies in a Changing Climate  https://t.co/MILP93Gs6z #WorldAllergyWeek,Pollen Overload Seasonal Allergies in a Changing Climate WorldAllergyWeek,organic,,,,,,,
sweetwaterswan,"God,love,live,music, passion, creation, art, nature, trees, squirrels,oceans,children,wine, the Bible,books,the elderly,guitars,drums, symphonies of destruction",RT @NatGeo: Why does pollen make people sneeze—and how does climate change make it worse? https://t.co/7iOfctwIfy,NatGeo Why does pollen make people sneeze and how does climate change make it worse,retweet,,,,,,,
EHPonline,"Official feed of EHP, an NIEHS/NIH journal of research & news on environment & human health. Privacy policy: http://go.usa.gov/YsvB. Content≠endorsement",Trending EHP news this week: Pollen overload: seasonal #allergies in a changing climate https://t.co/2X1GDcQYpn,Trending EHP news this week Pollen overload seasonal allergies in a changing climate,organic,,,,,,,
LxAngrybeerTA,clareza na ideia pureza no coração sentimento como guia honestidade como religião,RT @pauldavidpope: Climate Change Is Making Your Allergies Even Worse #ClimateChange #Allergies #Pollen #NationalGeographic https://t.co/oq…,Climate Change Is Making Your Allergies Even Worse ClimateChange Allergies Pollen NationalGeographic,retweet,,,,,,,
dcbigoso,"Consultant,Producer/Co-Host/Child of the most high/Ig:dcbigoso/dcbigoso68@gmail.com/Skins Fan",RT @laurynricketts: Pollen will continue to run a little high with warming weather &amp; no rain! Grab those #allergy meds! https://t.co/MFxnSb…,Pollen will continue to run a little high with warming weather amp no rain Grab those allergy meds,retweet,,,,,,,
SadriHassani,"A prof emeritus of physics & author, I blog on pseudophysics & fad pseudoeducation. Eradicate pseudoscience & promote REAL education! http://bit.ly/1RhIKAR",Global warming and Bees: Rising CO2 levels reduce protein in crucial pollen source for bees. https://t.co/vpkZXpgLbd,Global warming and Bees Rising CO levels reduce protein in crucial pollen source for bees,organic,,,,,,,
svensundgaard,"Sven Sundgaard, KARE-TV (Minneapolis-St. Paul) Meteorologist: Weather & world TRAVEL. Views here reflect my own & not any employer. RTs are not an endorsement.",RT @ClimateCentral: Allergies ahead! https://t.co/ieWn6IYLgd Climate change is increasing pollen production https://t.co/ZSkPcIJ4Sl,ClimateCentral Allergies ahead Climate change is increasing pollen production,retweet,,,,,,,
Tokayheatingair,Owner of Tokay Heating & Air,Opening a window for some fresh air can bring in dust and #pollen. The Healthy Climate ERV can give you fresh air that won't hurt #IAQ.,Opening a window for some fresh air can bring in dust and pollen The Healthy Climate ERV can give you fresh air that won't hurt IAQ,organic,,,,,,,
JohannaStonekin,"artist, photographer, traveler, environmentalist, all comments are my own opinion",RT @citizensclimate: Think pollen is bad now? #Climate change increases grass pollen production https://t.co/DtcL5fwLOA https://t.co/zjSHY2…,Think pollen is bad now Climate change increases grass pollen production,retweet,,,,,,,
SneezyDoc,NA,"RT @AllergyAlaska: Interesting article on MedScape today ""Pollen Overload: Seasonal Allergies in a Changing Climate"" - https://t.co/7IIk4PR…",AllergyAlaska Interesting article on MedScape today Pollen Overload Seasonal Allergies in a Changing Climate,retweet,,,,,,,
ClimateCentral,"An independent, non-profit, non-advocacy research and journalism organization dedicated to helping Americans understand how climate change connects to them.",Allergies ahead! https://t.co/7EwPXpKmx5 Climate change is increasing pollen production https://t.co/GrN13D3tT7,Allergies ahead Climate change is increasing pollen production,organic,,,,,,,
BG_Grace,"Palaeo cat, & general science man. Likes a spot of history, fossil hunting & rock music. Hoping to do a palaeo-PhD if somebody will fund & supervise me.",Hydro-climate of S.W. Arabia &amp; Horn of Africa during last Glacial–Interglacial: Pollen from Gulf of Aden (£) https://t.co/NYxttWxwEy,Hydro climate of S W Arabia amp Horn of Africa during last Glacial Interglacial Pollen from Gulf of Aden,organic,,,,,,,
fdsinclair,"brainy farmer, eco warrior, builder of things sustainable, fixer of things broke, horse rider extraordinaire, wilderness trekker, globe trotter.",RT @ClimateCentral: Climate change is increasing pollen production (especially grass pollen and ragweed) https://t.co/hGKGfPCSOq https://t.…,ClimateCentral Climate change is increasing pollen production especially grass pollen and ragweed,retweet,,,,,,,
ClimateCentral,"An independent, non-profit, non-advocacy research and journalism organization dedicated to helping Americans understand how climate change connects to them.",Climate change is increasing pollen production (especially grass pollen and ragweed) https://t.co/G2bHvEQpRO https://t.co/YwnKgFEtFT,Climate change is increasing pollen production especially grass pollen and ragweed,organic,,,,,,,
DaiIyMANCHESTER,All of the latest news and updates for the Greater #Manchester area,Warming up into the weekend with high pollen and UV levels https://t.co/guv3tCgZJH #Manchester https://t.co/dD33YlFsZ0,Warming up into the weekend with high pollen and UV levels Manchester,organic,,,,,,,
VirtualPoet,Interested in environmental justice and every kind of justice,"""Pollen is becoming junk food for bees""... rising CO2 due to climate change degrades protein levels in pollen... https://t.co/k3elsS12Pl",Pollen is becoming junk food for bees rising CO due to climate change degrades protein levels in pollen,organic,,,,,,,
CarolinAramburo,"I am a Business and Personal Master Coach, Universal Thinker, Change Maker, Passionate Partner of the Human Spirit, Public Speaker and Writer.",Healing + Warming Turmeric Smoothie With Bee Pollen https://t.co/h323UfSgAM #beepollen #health,Healing Warming Turmeric Smoothie With Bee Pollen beepollen health,organic,,,,,,,
sasha_feather,"We need, in every community, a group of angelic troublemakers. Our power is in our ability to make things unworkable. - Bayard Rustin. INFP. Queer, disabled.",Global warming has led to more pollen which has led to more breathing problems,Global warming has led to more pollen which has led to more breathing problems,organic,,,,,,,
VeronicaWilkie,"Professor of Primary Care, Worcester University, GP, The Corbett Medical Practice, Parent",RT @PHE_uk: Our latest blog looks at how climate change could make the effects of pollen worse https://t.co/GGbsI2l54I #hayfever,PHE uk Our latest blog looks at how climate change could make the effects of pollen worse hayfever,retweet,,,,,,,
PatJD,"Network Engineer. Engaged to @kkidd0h. Secular liberal, science, & nature enthusiast. New Englander, graphic t-shirts, WDW, and more.
Tweets are solely my own.","📷 After nearly dying ‘Death By Pollen’ over the weekend, I just want to spend all day in this climate... https://t.co/wDzVNDLRfV",After nearly dying Death By Pollen over the weekend I just want to spend all day in this climate,organic,,,,,,,
angie_blevins,"Freelancing artist, creating calming oil paintings & detailed ink drawings,  Exploring Maine via hiking & kayaking.","Allergies, pollen ... its almost August(?) today???  (A rush to Rite Aid!!!!) Global warming, ugh..",Allergies pollen its almost August today A rush to Rite Aid Global warming ugh,organic,,,,,,,
PutnamBondie,"There are no secrets to success. It is the result of preparation, hard work, and learning from failure.
Read more at: https://t.co/3XbL4SpWFr",Dot Earth: Seeking Climate Change Clues in Old Pollen and Mammoth Dung - https://t.co/Azvx8wyMcK https://t.co/PhDweeukFp,Dot Earth Seeking Climate Change Clues in Old Pollen and Mammoth Dung,organic,,,,,,,
JellySmith45,"Take the first step in faith. You don't have to see the whole staircase, just take the first step.",Dot Earth Blog: Seeking Climate Change Clues in Old Pollen and Mammoth Dung - https://t.co/YdQx6imGL0 https://t.co/xTJEfF3q8H,Dot Earth Blog Seeking Climate Change Clues in Old Pollen and Mammoth Dung,organic,,,,,,,
Aetherianism,#Trump4WorldLeader #FreeMilo #Hillary4Prison #WhiteLivesMatter #WhiteNationalism #AntiGlobalism #AntiFeminism #TrumpPence,"""Seeking Climate Change Clues in Old Pollen and Mammoth Dung"" by ANDREW C. REVKIN via NYT https://t.co/2CHp0ad8GJ",Seeking Climate Change Clues in Old Pollen and Mammoth Dung by ANDREW C REVKIN via NYT,organic,,,,,,,
ramseytheresa,Let's Go Green Together,Dot Earth Blog: Seeking Climate Change Clues in Old Pollen and Mammoth Dung: A talented young scientist expla... https://t.co/yM1wEXN287,Dot Earth Blog Seeking Climate Change Clues in Old Pollen and Mammoth Dung A talented young scientist expla,organic,,,,,,,
CLMTFortWorth,"Dedicated to breaking news on climate change, sustainability and resilience in Fort Worth, nationally and globally",RT @C2ES_org: . @EPA report: Changes in permafrost causing more ragweed pollen seeds. More on #Climate impacts: https://t.co/nMhRZGuYDn,C ES org EPA report Changes in permafrost causing more ragweed pollen seeds More on Climate impacts,retweet,,,,,,,
JMHask,"PhD student at UC, Davis. Soils & Biogeochemistry, fungi-plant symbiosis, agroecology",RT @jvcdelaney: The fossil record of pollen tells us about past climates and insights into our current climate #sundayscience https://t.co/…,The fossil record of pollen tells us about past climates and insights into our current climate sundayscience,retweet,,,,,,,
GreenMtTech,The Composting Technology Company,"Michael Pollen explains how compost leads to healthy soil, which is a solution to climate change.
https://t.co/jderWAVvkI",Michael Pollen explains how compost leads to healthy soil which is a solution to climate change,organic,,,,,,,
CODaleyNews,"Multi-media journalist, covering health news for Colorado Public Radio.  A link or retweet does not = endorsement.",Got issues with ozone pollen and ragweed? Climate change won't help. https://t.co/Tpbo1yxH7A #climatechange https://t.co/XvSUL1plJm,Got issues with ozone pollen and ragweed Climate change won't help climatechange,organic,,,,,,,
LKChapman147,Free2Join&Earn:Get Paid4Sharing Social Media Posts-VisitingWebsites-OtherSimple Online Tasks: GetPaidSocial: http://weurls.com/hI07W,Hay fever from ragweed pollen could double due to climate change https://t.co/ZjfNHFV41t,Hay fever from ragweed pollen could double due to climate change,organic,,,,,,,
JoHarris55,"It is not how much we have, but how much we enjoy, that makes happiness.",Hayfever warning: Millions at risk from ragweed pollen as Britain's climate hots up - https://t.co/tlKa7okR7q,Hayfever warning Millions at risk from ragweed pollen as Britain's climate hots up,organic,,,,,,,
environmentguru,"Intelligence tools to find #water, #energy, #air, #greenbuilding, #toxic, #sustainability, #waste, #naturalresources including #news, #jobs, #events, and #bids",Warming set to raise the pollen count: Climate News Network: Allergic diseases already… https://t.co/Ufx9Y1zH5t https://t.co/zW3pXc32Kf,Warming set to raise the pollen count Climate News Network Allergic diseases already,organic,,,,,,,
GSBiodiesel,#Climate #everygallonmatters #Biodiesel,Warming set to raise the pollen count https://t.co/xWG1OPr7ul,Warming set to raise the pollen count,organic,,,,,,,
britho,Writer specializing in climate change and the capital markets,Warming set to raise the pollen count -- https://t.co/VlU5yQN3t8 #carbon-based #feedly,Warming set to raise the pollen count carbon based feedly,organic,,,,,,,
RyaVM,Love the Timbers. Love Bayern Munich. Love soccer. Love running. Mom of TWINS! (And I love them too!),"RT @FiveThirtyEight: Flu season is upon us. Also, climate change, which is real, is making pollen and allergies worse. #sniffles https://t.…",FiveThirtyEight Flu season is upon us Also climate change which is real is making pollen and allergies worse sniffles,retweet,,,,,,,
FiveThirtyEight,"The home of Nate Silver's FiveThirtyEight on Twitter. Politics, Economics, Science, Life, Sports.","Flu season is upon us. Also, climate change, which is real, is making pollen and allergies worse. #sniffles https://t.co/WH0ZzQrUhP",Flu season is upon us Also climate change which is real is making pollen and allergies worse sniffles,organic,,,,,,,
ExpressSunroom,"Home improvement specialist in the design and installation of energy efficient #Sunrooms, #Conservatories, #Liferoom, #Patiocovers solutions. (800) 786-2702","Introducing LifeRoom by Four Seasons. LifeRoom offers you climate control, UV protection, Pollen Guard... https://t.co/7iqHZx2NBE",Introducing LifeRoom by Four Seasons LifeRoom offers you climate control UV protection Pollen Guard,organic,,,,,,,
JKMcGinn,Connecting Your Message to Your Audience - Sr. MarComm / Human Resources Project Manager,RT @SDNHM: The fossil leaves and pollen from the ~49-50 Ma Torrey Sandstone suggest that San Diego’s climate was once subtropi…,SDNHM The fossil leaves and pollen from the Ma Torrey Sandstone suggest that San Diego s climate was once subtropi,retweet,,,,,,,
dzielinski,Just another idiot on twitter.,Wait...think...gets too warm...things won't grow from drought...no pollen! No allergies!! Climate change=good! #dopeylogic https://t.co/B1dDPrVmIy,Wait think gets too warm things won't grow from drought no pollen No allergies Climate change good dopeylogic,organic,,,,,,,
sunoppositemoon,"Writer & editor https://t.co/klglgyCmzY || IG: https://t.co/iBYRwZ8eK6 || Erstwhile musician || 🇬🇭🇺🇸|| ♑♋♑ || Contact: 
https://t.co/D8QMEvAWLI…","The pollen is so bad, every time I go outside, my head hurts. Global warming sucks.",The pollen is so bad every time I go outside my head hurts Global warming sucks,organic,,,,,,,
Taimur_T_Malik,"It's the ecology, stupid! Organic+regenerative agriculture & regenerative fashion entrepreneur | historian manqué | @Columbia alum | Gothamite via the Himalayas",RT @ClimateCentral: Pollen data shows the warming we have caused is far outside of the natural range  https://t.co/IWqpgHIvjz via @guardian…,ClimateCentral Pollen data shows the warming we have caused is far outside of the natural range via,retweet,,,,,,,
slapknoot,tell ur bf if he says he’s got beef that I’m a vegetarian and I ain’t fkn scared of him,When it starts warming up and the pollen comes out of hiding https://t.co/mt5IFlp17G,When it starts warming up and the pollen comes out of hiding,organic,,,,,,,
UltimateRaiderx,Twitch Affiliate. Rocket League Enthusiast. Floridian. http://www.twitch.tv/theultimateraider,@TheLlamaSir Get better man! I know how the pollen is kicking up back here in Florida! I just got back from Canada so I am getting hit with change of climate and pollen!,TheLlamaSir Get better man I know how the pollen is kicking up back here in Florida I just got back from Canada so I am getting hit with change of climate and pollen,reply,,,,,,,
kparksmd,"The Allergy and Asthma Center of Southern Oregon has locations in Medford, Grants Pass, Klamath Falls, and Ashland.",RT @mrathkopf: Pollen seasons starting earlier and duration of pollen season longer due to climate change. We have definitely seen that in…,Pollen seasons starting earlier and duration of pollen season longer due to climate change We have definitely seen that in,retweet,,,,,,,
BreatheSinus,"Breathe #Sinus, #Allergy & #Sleep has been providing comprehensive Sinus, Allergy and Sleep care to Chicago and Northwest Indiana for the past 15 years.","Are you already muddling through seasonal allergies? In the Midwest, the seasonal climate change creates massive changes in pollen counts throughout the year. Don't suffer through your symptoms alone! Let us help, schedule a visit now! https://t.co/GcZIB0hHzS",Are you already muddling through seasonal allergies In the Midwest the seasonal climate change creates massive changes in pollen counts throughout the year Don't suffer through your symptoms alone Let us help schedule a visit now,organic,,,,,,,
behca_app,"Behind every behavior is a purpose. BEHCA is designed to track  observations, identify emotional triggers, and use data insights to #SeeBeyondBehavior","Happy #firstdayofspring. As the season shifts, the days are longer, and pollen is in the air, do you notice any changes in #childbehavior? BEHCA allows you to not only track daily behaviors, but automatically pulls in data on climate, moon phases, barometric pressure, and more! https://t.co/bmMfPUfmYp",Happy firstdayofspring As the season shifts the days are longer and pollen is in the air do you notice any changes in childbehavior BEHCA allows you to not only track daily behaviors but automatically pulls in data on climate moon phases barometric pressure and more,organic,,,,,,,
aimeeclassen,"Ecosystem, soil, & global change ecologist. Assoc. Professor @UVM_RSENR, @uvmvermont: https://t.co/jZ53am7haK Editor In Chief @ESAMonographs. Mom of 2 very active boys.",Overlaying climate and plant pollen records can help explain fire records over long time periods. Neat dataset @HarvardForest https://t.co/clQQQILwuL,Overlaying climate and plant pollen records can help explain fire records over long time periods Neat dataset HarvardForest,organic,,,,,,,
chej,"Center for Health, Environment & Justice •   Mentoring a movement, empowering people, protecting children's health & preventing harm from toxic chemical hazards",RT @CleanAirMoms: Study: Pollen counts likely to double by 2040 due to climate change https://t.co/U44EVZddAe #ActOnClimate,CleanAirMoms Study Pollen counts likely to double by due to climate change ActOnClimate,retweet,,,,,,,
EnvirHealthNews,"Since 2002, Environmental Health News has covered the most important stories on environmental & health issues every day.",Experts say rising temperatures from #climate change and more carbon dioxide in the air are causing many pollen producing plants to bloom earlier and last longer prolonging the allergy season. #allergies https://t.co/N05xwqdz0O @3onyourside,Experts say rising temperatures from climate change and more carbon dioxide in the air are causing many pollen producing plants to bloom earlier and last longer prolonging the allergy season allergies,organic,,,,,,,
sunrisemvmtnyc,We're building an army of young people to take on the fossil fuel billionaires in NYC. Join us!,"Vox points out how global climate change is increasing allergies: ""It’s not your imagination. Allergy season gets worse every year."" https://t.co/UbvWQ1fMrI via @voxdotcom #Climatechange #globalwarming #allergies #allergyseason #pollen",Vox points out how global climate change is increasing allergies It s not your imagination Allergy season gets worse every year via Climatechange globalwarming allergies allergyseason pollen,organic,,,,,,,
JorgeTWeather,@KOB4 Chief Meteorologist | CBM #607 | @ametsoc Board of Broadcast Meteorology | @nwas | @nahj | @tamu | @ODPhi | IG 📸: JorgeTWeather | #nmwx #GigEm 🇺🇸🇵🇷🇲🇽,The growing season in New Mexico is...growing! The top 5 growing seasons on record in Albuquerque have all occurred since 2000. @ClimateCentral #nmwx #allergy #pollen #climate https://t.co/nZTtqF8iVZ,The growing season in New Mexico is growing The top growing seasons on record in Albuquerque have all occurred since ClimateCentral nmwx allergy pollen climate,organic,,,,,,,
Meteor_Mike,"News 12 The Bronx/Brooklyn Morning & Afternoon Meteorologist, Cloud Guru, Transportation Genius, University Professor, Manhattanite","@ReporterJim Look, it was bound to happen! Trees have been holding back from the cold last few weeks, they're juiced and ready to blow. Can't forget how climate impacts pollen with higher CO2 levels + rainy/wet past few weeks.....",ReporterJim Look it was bound to happen Trees have been holding back from the cold last few weeks they're juiced and ready to blow Can't forget how climate impacts pollen with higher CO levels rainy wet past few weeks,reply,,,,,,,
chrishendel,"Partner to Cynthia, Bapu to Leila & Eric, & longtime medical research editor @ConsumerReports @ConsumersUnion Tweets are my own.","I'm just re-reading this excellent 2016 paper in the journal @EHPonline and thought I'd share (and as #pollen counts start rising). https://t.co/mTzqFsfzSr

Pollen Overload: Seasonal Allergies in a Changing Climate
https://t.co/r1A5oqvD3a
#allergies #climatechange #climatechaos https://t.co/pyNieM1UXh",I'm just re reading this excellent paper in the journal EHPonline and thought I'd share and as pollen counts start rising Pollen Overload Seasonal Allergies in a Changing Climate allergies climatechange climatechaos,organic,,,,,,,
BradyNOAA,Marine biologist & climate communicator @NOAA HQ. Work with media & stakeholders on climate & ocean topics. Tweets are my own. Contact: brady.phillips@noaa.gov,"RT @NOAANCEIclimate: What do corals, pollen, ice, trees, caves, and pack rats have in common? They all record Earth’s climate. Learn more a…",NOAANCEIclimate What do corals pollen ice trees caves and pack rats have in common They all record Earth s climate Learn more a,retweet,,,,,,,
ONE_1DZ,"Go for breaking news, videos, and the latest top stories in world news, business, politics, health and pop culture.","RT @NBCNews: Pollen seasons are getting longer and worse every year, and researchers say climate change is to blame. https://t.co/RHj8p2hCwa",NBCNews Pollen seasons are getting longer and worse every year and researchers say climate change is to blame,retweet,,,,,,,
bluerizzle_brad,NA,Pollen levels causing 'allergy explosion' across the US. Is climate change to blame? https://t.co/d7dinpb4fk via @nbcnews,Pollen levels causing 'allergy explosion' across the US Is climate change to blame via,organic,,,,,,,
JSTOR_Daily,Thought-provoking stories that draw on scholarly research @JSTOR & offer fresh insight into current affairs. Subscribe: http://daily.jstor.org/newsletter,"Spider orchids trick bees into spreading their pollen, but climate change may mean the jig is up. https://t.co/dV0Ennq7V2",Spider orchids trick bees into spreading their pollen but climate change may mean the jig is up,organic,,,,,,,
R_AContreras,Communications manager with @EnvDefenseFund. I speak/Tweet in English and Spanish. Views here are all mine.,Pollen levels causing 'allergy explosion' across the US. Climate change is to blame https://t.co/WCgTiRTnYI via @nbcnews,Pollen levels causing 'allergy explosion' across the US Climate change is to blame via,organic,,,,,,,
ItheMissingLink,"US Navy vet 9 patrols FBM nuclear submarine, retired ILWU, liberal, UCF alumni, member church of the organic sacrament, married to Sweetie P 28 yrs",RT @ClimateCentral: Grass pollen is projected to get worse with climate change https://t.co/cutFYiJPXJ https://t.co/K43kRqQSUy,ClimateCentral Grass pollen is projected to get worse with climate change,retweet,,,,,,,
daltonegreene,Is this thing on? • Wheeling Park High School ‘18 • Macalester College ‘22,Day 6 of useless nostrils: I long for the days when I could breathe without concentrating....I think the poem on the English test was warning us about the global warming pollen but I was too young&amp;foolish to take heed...after 17 years of scoffing at allergies I fear it’s my turn,Day of useless nostrils I long for the days when I could breathe without concentrating I think the poem on the English test was warning us about the global warming pollen but I was too young amp foolish to take heed after years of scoffing at allergies I fear it s my turn,organic,,,,,,,
glorifing,#RESIST ✊🏽,RT @EcoWatch: Pollen Explosion Video Goes Viral as Climate Change Lengthens Allergy Season https://t.co/hRTX0XhQqn @TheDailyClimate @TheCCo…,EcoWatch Pollen Explosion Video Goes Viral as Climate Change Lengthens Allergy Season TheDailyClimate TheCCo,retweet,,,,,,,
FracTracker,we exist so you can access & understand oil & gas data. pretty cool job if you ask us. info@fractracker.org,"RT @1o5CleanEnergy: Pollen Explosion Video Goes Viral as #Climate Change Lengthens Allergy Season

https://t.co/LXToyGFhm5
@johnlundin",o CleanEnergy Pollen Explosion Video Goes Viral as Climate Change Lengthens Allergy Season,retweet,,,,,,,
RangerDutton,This is the 'Real' Ranger Dave. All the others are impostors. Author of Paid In Sunsets: A Park Ranger's Story,Pollen Explosion Video Goes Viral as Climate Change Lengthens Allergy Season https://t.co/Yza34fRaUR,Pollen Explosion Video Goes Viral as Climate Change Lengthens Allergy Season,organic,,,,,,,
DawnGulick,I'm finished! FUCK My own husband is trying to explain away TREASON And it has disintegrated into openly mocking me. Vote WOMEN & especially BLACK WOMEN in 2018,@Claire13323 @RCdeWinter @angelakaplan7 @trapdinawrpool @Seekerotruth @Tess3761 @TNEAL54 @EnigmaNetxx @MsRuthedelaRosa @Solange_Sonnier Every damn year the allergies get worse. And longer. And it's the result of climate change. Google Sacramento pollen count. It's been HIGH every damn day for weeks on end now. This time of yr is where all the grasses and stuff are supposed to die off.,Claire RCdeWinter Seekerotruth Tess TNEAL EnigmaNetxx MsRuthedelaRosa Solange Sonnier Every damn year the allergies get worse And longer And it's the result of climate change Google Sacramento pollen count It's been HIGH every damn day for weeks on end now This time of yr is where all the grasses and stuff are supposed to die off,reply,,,,,,,
ShaktiLila,🕯️#OneWorld 🌏🌍🌎#EndWar☮️ #WaterIsLife #KeepItInTheGround  #PPC #NoNukes #BDS #No2Saudi #Impeach🤡 #EndCorporateCongress #SinglePayer #ACLU #DeColonize #SaveTibet,RT @stapf: You May Need to Bogart the Benadryl: Climate change may be worsening US allergies. https://t.co/5V1EnbojXB #climate #pollen #all…,You May Need to Bogart the Benadryl Climate change may be worsening US allergies climate pollen all,retweet,,,,,,,
ClimateCentral,Researching and reporting the science and impacts of climate change 🌎,More CO2 means more pollen (a more intense allergy season!) with climate change https://t.co/cutFYiJPXJ https://t.co/JrVClsX5E4,More CO means more pollen a more intense allergy season with climate change,organic,,,,,,,
CleanAirMoms_MI,We're a community of moms and dads who are joining together to fight for clean air and our kids’ health in Michigan.,"""'[R]esearch [suggests] that the warming trend ...we have in our environment is causing the pollen seasons to start ...earlier, and extend ...longer,' said Dr. Stanley Fineman."" https://t.co/nQy1ashfRm",' R esearch suggests that the warming trend we have in our environment is causing the pollen seasons to start earlier and extend longer ' said Dr Stanley Fineman,organic,,,,,,,
datenokonsawa,you feel like you are the poison.,"Spring is an idyllic time of year (at least from the indoors). Flowers are blooming, trees are budding and temperatures are warming. And for those of you who love the color yellow, you may be the only ones who are excited about seeing pollen e-v-e-r-y-w-h-e-r-e. For...",Spring is an idyllic time of year at least from the indoors Flowers are blooming trees are budding and temperatures are warming And for those of you who love the color yellow you may be the only ones who are excited about seeing pollen e v e r y w h e r e For,organic,,,,,,,
CeleryCaraway,Multicultural through my life experience. Compulsive retweeter due to enduring culture shock.  No Lists Please.,RT @Sharat57: Climate Change Increases Grass Pollen Production https://t.co/TIB43FUD6u via @ClimateCentral,Sharat Climate Change Increases Grass Pollen Production via ClimateCentral,retweet,,,,,,,
by_AJLee,NA,"@RyanArnoldRocks I read an article that sd, “It’s not your imagination. Allergy season gets worse every year. Global warming is spreading pollen and risks from other allergens...” and then there was this video from abt a month ago: https://t.co/f8pwJEN9X6",RyanArnoldRocks I read an article that sd It s not your imagination Allergy season gets worse every year Global warming is spreading pollen and risks from other allergens and then there was this video from abt a month ago,reply,,,,,,,
BrianGoodwin8,News&Politics Junkie. Very Conservative. I respect opposing views unless they're absurd.RT's&follows yada yada.Racism&Antifa SUCK. Clear thinking basket case😎,😂😂😂 Cuz pollen never existed before... Damned climate change.. now plant life is attacking us.. bring back the Ice Age.. or just do what I do.. Clariton n Flonase (or equivalent) *Not a paid spokesman..er.. spokesperson. https://t.co/GFKNZreRW2,Cuz pollen never existed before Damned climate change now plant life is attacking us bring back the Ice Age or just do what I do Clariton n Flonase or equivalent Not a paid spokesman er spokesperson,organic,,,,,,,
MalindaAnnHill,"Mother, 1/2 of @TwinsRun, @BostonMarathon qualifier (3:46:13), @RivannaMarathon winner & @AlexsLemonade Stand Foundation for Childhood Cancer fundraiser 🍋",Pollen levels causing 'allergy explosion' across the US. Is climate change to blame? https://t.co/1rf0gapyTy via @NBCNews,Pollen levels causing 'allergy explosion' across the US Is climate change to blame via NBCNews,organic,,,,,,,
EcoSourceLLC,Leading provider of facility services and cleaning services to commercial properties.,"Is pollen season happening earlier and earlier each year? Climate change can be causing pollen season to come sooner. Read on:

#climatechange #pollen #allergy https://t.co/gqQ0gWrNLL",Is pollen season happening earlier and earlier each year Climate change can be causing pollen season to come sooner Read on climatechange pollen allergy,organic,,,,,,,
gdrl,"art / entertainment / media 
http://www.rebeccalea.com
Fulbright International Golden Key RT≠endorsement - I will block.","RT @AnjaKolibri: Scary! The pace of #climate change is picking up - FAST!
With #pollinators but without pollen, spring #heat left Europe's…",AnjaKolibri Scary The pace of climate change is picking up FAST With pollinators but without pollen spring heat left Europe's,retweet,,,,,,,
smdailyjournal,Local newspaper covering the San Francisco Bay Peninsula,"It turns out climate isn't the only thing that's changing: Nature itself is, too. That's the picture painted by interviews with more than 50 scientists and an Associated Press analysis of data on plants, animals, pollen, ice, sea level and more. https://t.co/QMAW4eaTxF",It turns out climate isn't the only thing that's changing Nature itself is too That's the picture painted by interviews with more than scientists and an Associated Press analysis of data on plants animals pollen ice sea level and more,organic,,,,,,,
VA_Clinicians,A network of clinician leaders that advocate for solutions to the health effects of climate change. #ClimateChangesHealth,RT @MaibachEd: Climate change is making allergies worse: A staggering 8-fold increase in pollen counts in Kansas City area. @Mason4C @docsf…,MaibachEd Climate change is making allergies worse A staggering fold increase in pollen counts in Kansas City area Mason C,retweet,,,,,,,
NESTA_US,National #EarthScience #Teachers Association--nonprofit supporting K-12+; helping fuel passion for #Earth/#Space;  Peer Review Journal -#TheEarthScientist,"#cCimatechange affecting #Allergies increasing those affected &amp;length of pollen season
New report: @worldallergy @NOAAClimate
&gt;CO2, plants grow larger
&lt;Frost seasons, more time for allergens to grow
https://t.co/wLJLfEtPjw

#climate #EarthScience #geology #botany #ecology #health https://t.co/ypFu3Tg65T",cCimatechange affecting Allergies increasing those affected amp length of pollen season New report NOAAClimate gt CO plants grow larger lt Frost seasons more time for allergens to grow climate EarthScience geology botany ecology health,organic,,,,,,,
WizardofHaase,🇺🇸#RESIST 🇺🇸 #TrumpSupportIsTreason #GUNCONTROLNOW! #NetNeutrality #IMPEACH Deplorables are blocked. I’m not interested in your stupidity.,@Kris_Sacrebleu Global warming is also producing Pollen From Hell.,Kris Sacrebleu Global warming is also producing Pollen From Hell,reply,,,,,,,
blueonblack2007,Ocean lover - engineer - difference maker-,"RT @insideclimate: ""Climate disruption causing a widespread loss of nectar and pollen is plausible as a significant factor in the alarming…",Climate disruption causing a widespread loss of nectar and pollen is plausible as a significant factor in the alarming,retweet,,,,,,,
UDResearch,"Explore the latest research news and events from @UDelaware. Follow us for science, tech, humanities and other cool stuff.",Growing concerns in changing climate: Study of plant pollen development in crops such as #corn draws $3.5 million @NSF grant for #UDel scientists and collaborators. https://t.co/rQJ1ckXMtg @udcanr @danforthcenter @Mizzou https://t.co/q4l0lpF2Zb,Growing concerns in changing climate Study of plant pollen development in crops such as corn draws million NSF grant for UDel scientists and collaborators Mizzou,organic,,,,,,,
Ted_Underwood,"Using machine learning to understand literary history at U of IL, Urbana-Champaign. Wrote Why Literary Periods Mattered. Information Sciences / English.","@bbenzon @quadrismegistus @goldstoneandrew ""Implicate,"" probably. Textual records probably even tell us something about the history of climate. But to understand the effect of climate on literature I'd still like to have ice cores and pollen records.",Implicate probably Textual records probably even tell us something about the history of climate But to understand the effect of climate on literature I'd still like to have ice cores and pollen records,reply,,,,,,,
riveramichael,Hongkonger🇭🇰 #Bioanthropology PhD @PAVECambridge👨🏻‍💻 Tweets @PhysAnth @CamBioAnth💀 #bioarchaeology / #prehistory / #diversity 🏳️‍🌈/ #scicomm / #coasts🏝,"RT @AmandaGHenry: Kolobova: update on Chagyrskaya: Skeletal material from five adults and two juvenile Neands. Pollen shows colder climate,…",AmandaGHenry Kolobova update on Chagyrskaya Skeletal material from five adults and two juvenile Neands Pollen shows colder climate,retweet,,,,,,,
Grumpster54,"Christian, conservative, USAF(73-79), NRA. I will never go one, because the Lord is my Shepherd. No need for ‘bread crumbs’ when God provides manna.","@KPShare Yep. Sometimes in winter you might catch a cold. In summer, you could get heat stroke if you aren’t careful. Spring pollen could trigger allergies. Not sure about Fall. Oh wait, those are seasons. The climate changes. It’s still called weather.",KPShare Yep Sometimes in winter you might catch a cold In summer you could get heat stroke if you aren t careful Spring pollen could trigger allergies Not sure about Fall Oh wait those are seasons The climate changes It s still called weather,reply,,,,,,,
itsmefullbleed,Skullgirls and Guilty Gear player. Rainbow Six Siege Lore expert. All around super fun white person. http://steamcommunity.com/id/fullbleed/,Fuck pollen I cant fucking ever breathe fuck summer fuck flowers fuck global warming where is fall SAVE ME PLEASE,Fuck pollen I cant fucking ever breathe fuck summer fuck flowers fuck global warming where is fall SAVE ME PLEASE,organic,,,,,,,
MrsH_sci,"Howard HS sci teacher @hcpss, formerly Jemicy School, M.Ed. UMD College Park. Interests: inquiry-based learning, differentiated education, ed tech.",Preview for #HoHSMarineSci tomorrow: searching for pollen in sediment samples to study climate change! From my awesome summer experience at @tuSTEMcenter! https://t.co/iXWm5UcFmn,Preview for HoHSMarineSci tomorrow searching for pollen in sediment samples to study climate change From my awesome summer experience at tuSTEMcenter,organic,,,,,,,
Resilient305,"A collaboration between @MiamiDadeCounty, @CityofMiami, @MiamiBeachNews and @100ResCities to respond to Greater Miami & The Beaches' challenges","Public health issues are exacerbated by climate challenges. For example, allergy season is now unpredictable, pollen season is longer, and allergies are stronger. Children now consume more medication at a younger age #publichealth #ClimateSummit2018 #Resilient305",Public health issues are exacerbated by climate challenges For example allergy season is now unpredictable pollen season is longer and allergies are stronger Children now consume more medication at a younger age publichealth ClimateSummit Resilient,organic,,,,,,,
BREAKERBOX,"Music Duo living 
#LifeInTheDIY 
Music • Art & Media Entrepenuers • Our Latest Single MISS YOU [Tribute 
to US Military Families]
[VIDEO] https://t.co/X5u8E8r6UF",Ok- lets do this @tnartisanhoney- ive been told 2 tbs per day helps you adjust to the climate and pollen count. Heres hopin! Picked this up today at @nashfarmmarket #Allergies #ImDying… https://t.co/mszMNfD9xZ,Ok lets do this ive been told tbs per day helps you adjust to the climate and pollen count Heres hopin Picked this up today at Allergies ImDying,organic,,,,,,,
EljAllan,https://tastebuds.fm/users/DerekAllan,"@Nordic_Climate @nordenen @jrockstrom @CoHedegaard @mbukows silky cotton fiber 

nectar and pollen

https://t.co/S1s7Vv1XOn

red silk cotton tree seeds bombax ceiba seeds

https://t.co/TP3qGQ77tP

silky cotton fiber 

nectar and pollen

https://t.co/S1s7Vv1XOn

nectar honey

silky cotton fiber 

nectar and pollen",Nordic Climate CoHedegaard silky cotton fiber nectar and pollen red silk cotton tree seeds bombax ceiba seeds silky cotton fiber nectar and pollen nectar honey silky cotton fiber nectar and pollen,reply,,,,,,,
SCS_Technician,"Farmer, Watershed, IT and GIS specialist. Retired from the agency formerly known as the Soil Conservation Service","@tacomasciba @billmckibben @AOC @sunrisemvmt They are interpolating and and extrapolating the wrong inputs. The truth is we really do not know for sure about what may happen. As a geologist, I can tell you we are in an interglacial period. Look it up. The history of ongoing climate change is in the rocks and pollen.",AOC They are interpolating and and extrapolating the wrong inputs The truth is we really do not know for sure about what may happen As a geologist I can tell you we are in an interglacial period Look it up The history of ongoing climate change is in the rocks and pollen,reply,,,,,,,
wsbtv,"Metro Atlanta's #1 source for breaking news, weather, and #SuperBowl coverage you can count on. http://instagram.com/wsbtv",RT @KarenMintonWSB: Temperatures are warming up and the pollen is increasing too.  Yesterday the pollen count was 1.  Today it is moderate…,KarenMintonWSB Temperatures are warming up and the pollen is increasing too Yesterday the pollen count was Today it is moderate,retweet,,,,,,,
DavidKarnes3,"Weekday Meteorologist, Channel 3 Eyewitness News TODAY. 4:30am-7:00am.","Extremely heavy levels of tree pollen today. Otherwise, warming nicely into the low 60s with increasing clouds.  ⁦@WRCB⁩  ⁦@WRCBweather⁩ https://t.co/n6cj80OqZh",Extremely heavy levels of tree pollen today Otherwise warming nicely into the low s with increasing clouds WRCB WRCBweather,organic,,,,,,,
DoctorWerner44,"Indiana farm kid scratching out a living on the desert
#USA #Trump #Veterans #Military #1A #2A #NoAmnesty #BlueLivesMatter #BuildTheWall #DrainTheSwamp
RTs=RTs","@PhilSmi60935838 @schradie @Marple82 Mother Nature puts dust, pollen, volcanic ash, carbon, methane in the air, has since before humans walked the Earth

Yes, real scientists DO use MOE to assess data accuracy, “Climate” scientists fudge data &amp;make up proxies so they likely know even less than you do

#ClimateScam",PhilSmi Marple Mother Nature puts dust pollen volcanic ash carbon methane in the air has since before humans walked the Earth Yes real scientists DO use MOE to assess data accuracy Climate scientists fudge data amp make up proxies so they likely know even less than you do ClimateScam,reply,,,,,,,
Remsendoc,Lecturer in Geography,"@thecrusadersBS @ChatByCC @realDonaldTrump Except that ice cores taken from continental ice sheets go back hundreds of thousands of years and contain trapped air, providing CO2 measurements, oxygen isotopes that are correlated to glacial and non-glacial conditions. Ocean sediments, and pollen data, also explain climate.",thecrusadersBS ChatByCC realDonaldTrump Except that ice cores taken from continental ice sheets go back hundreds of thousands of years and contain trapped air providing CO measurements oxygen isotopes that are correlated to glacial and non glacial conditions Ocean sediments and pollen data also explain climate,reply,,,,,,,
chris24turner,Beekeeper🐝. POLITICAL AGITATOR. Member of @britishbee and occasional Melissopalynologist #Corbyn #GTTO🌹#Palestine 🇵🇸 ONELOVE #MUFC🇾🇪,"It’s been a fabulous day for the #bees here in #Manchester today but for sure the climate is f¥cked when you’ve got trees in blossom this early 👀🐝

Check the video and zoom-in and you’ll see the bees coming back to the hive with pollen baskets loaded with pollen! https://t.co/8Ae2SEctmb",It s been a fabulous day for the bees here in Manchester today but for sure the climate is f cked when you ve got trees in blossom this early Check the video and zoom in and you ll see the bees coming back to the hive with pollen baskets loaded with pollen,organic,,,,,,,
jr_mchale,Retired Detective PAPD.  FBI JTTF -  NYPD Major Case Sqd. -  Detailed to SOF/CJSOTF Regional Task Force - Afg. Hunting HVTs & Cop Killers. Persistence Pays Off.,"@Chadwick_Moore @seanmdav The excessive pollen could be related to global warming and since Trump is against Global Warming narrative, MAGA is to blame.",Chadwick Moore The excessive pollen could be related to global warming and since Trump is against Global Warming narrative MAGA is to blame,reply,,,,,,,
FlareHabanero,Writer | Scanner | Streamer | 🔞 Professional Pervert 🔞 | SEGA Enthusiast | Loves Spicy Food | Angriest Man Alive | Why Are You Reading This,I think I'm getting sinus problems because the weather is slowly warming up. That means pollen will start coming and I'll be a mess.,I think I'm getting sinus problems because the weather is slowly warming up That means pollen will start coming and I'll be a mess,organic,,,,,,,
KtheWoman,where's rafi?,With climate change pollen counts are only going to raise and more and more people will become allergic 🤷🏼‍♀️ only saying this cause I used to be “genetically superior” and now I can’t fucking breathe outside,With climate change pollen counts are only going to raise and more and more people will become allergic only saying this cause I used to be genetically superior and now I can t fucking breathe outside,organic,,,,,,,
mhaas53802099,DEMOCRATS CAN KISS MY ASS... 🇺🇸🇺🇸🇺🇸🇺🇸. #1A #2A #TRUMP #MAGA #TRUMP2020 #PATRIOT #CONSERVATIVE💥#ALLIN. STEADY W MATT❤️,"@fakenewsnpcc @QTAnon1 Yes my neighbors tree has pollen all over it , my husband is suffering with sinuses , seriously very bad.. If we have to change Climate 😏, because people get asthma,  CAN I CUT THE TREE DOWN?     Liberal logic?",QTAnon Yes my neighbors tree has pollen all over it my husband is suffering with sinuses seriously very bad If we have to change Climate because people get asthma CAN I CUT THE TREE DOWN Liberal logic,reply,,,,,,,
hannahbretsch,find me on the couch reading a Krimi,One thing about climate change that doesn’t get talked enough about is how much goddamn pollen there is out here now y’all I can’t take it anymore my nose is about to fall off,One thing about climate change that doesn t get talked enough about is how much goddamn pollen there is out here now y all I can t take it anymore my nose is about to fall off,organic,,,,,,,
wsbtv,"Metro Atlanta's #1 source for breaking news, weather, and traffic coverage you can count on. http://instagram.com/wsbtv",RT @BradNitzWSB: Pollen count is high today. With a warming trend into the mid 70s over the next few days I expect this to go up significan…,BradNitzWSB Pollen count is high today With a warming trend into the mid s over the next few days I expect this to go up significan,retweet,,,,,,,
SpecNewsRDU,"Spectrum News Raleigh offers the best 24-hour local news coverage plus weather, sports and your favorite features.",RT @LeeRingerWx: Suffer from allergies?  You won't like this news.  Pollen season is getting longer in NC.  Our warming climate is to blame…,LeeRingerWx Suffer from allergies You won't like this news Pollen season is getting longer in NC Our warming climate is to blame,retweet,,,,,,,
ShababK2,🇧🇩 UH ‘20,"If Houston doesn’t start controlling its pollen so I can stop sneezing, I’m gonna start voting for climate change deniers",If Houston doesn t start controlling its pollen so I can stop sneezing I m gonna start voting for climate change deniers,organic,,,,,,,
ErinClanahanCBM,⚡️ Certified Broadcast Meteorologist 🚘 👱🏼‍♀️Traffic anchor for WNCN 🐶 Chiweenie Mom 🏃🏼‍♀️Runner ♌️ Leo 👀Reader 🏄🏼‍♀️ Water sports,"Pollen is going to be sky high for the next two days. Heads up, allergy sufferers! Did you know warming temperatures and increased CO2 cause the allergy season to be longer? Ugh. https://t.co/OyNh5vAS7o",Pollen is going to be sky high for the next two days Heads up allergy sufferers Did you know warming temperatures and increased CO cause the allergy season to be longer Ugh,organic,,,,,,,
Chabadalala,La nausée !!! 🐝,"RT @ErinClanahanCBM: Pollen is going to be sky high for the next two days. Heads up, allergy sufferers! Did you know warming temperatures a…",ErinClanahanCBM Pollen is going to be sky high for the next two days Heads up allergy sufferers Did you know warming temperatures a,retweet,,,,,,,
thisisthetarter,"UGA grad. Radio. Half man, half ice cream, half amazing. SB 52 Champs",The biggest threat to the climate and humanity is pollen. I'll take cow farts over pollen all day,The biggest threat to the climate and humanity is pollen I'll take cow farts over pollen all day,organic,,,,,,,
JamesieP1,"Home Business Entrepreneur,Mentor, growing in personal, financial freedom, helping others too.Spirituality is key. Married to Grace. Love Golf, cat named Spunky",It’s Official: Climate Change Worsens Global Pollen Season https://t.co/uWnrHx7iA7,It s Official Climate Change Worsens Global Pollen Season,organic,,,,,,,
SeekTrueNews,NA,"@KTLA Guess what, allergy is caused by recent rains allowing the plants to  flourish and create more pollen's.  Starting the newcast story by saying  the allergies are due to climate change is nothing more than FAKE news  trying to push a liberal agenda",KTLA Guess what allergy is caused by recent rains allowing the plants to flourish and create more pollen's Starting the newcast story by saying the allergies are due to climate change is nothing more than FAKE news trying to push a liberal agenda,reply,,,,,,,
erwincurry,"From SE Montana have lived in Wyoming, Idaho, Mississippi, Kansas and North Dakota.","@Thom_Hartmann Fueled by warmer temperatures and increased carbon dioxide levels, pollen seasons are longer, and pollen counts are higher. Many experts believe this will worsen in the coming years due in large part to climate change.  https://t.co/UkynN597qT",Thom Hartmann Fueled by warmer temperatures and increased carbon dioxide levels pollen seasons are longer and pollen counts are higher Many experts believe this will worsen in the coming years due in large part to climate change,reply,,,,,,,
CapeWindy,#Writer #Film #Movies Citizen of global community & master of perseverance. NO DMs plz.,"@koolkaryn @dailysoundnfury And yet know of a woman who still doesn't believe in climate change though her health affected by increased pollen, etc. Head in the sand.",And yet know of a woman who still doesn't believe in climate change though her health affected by increased pollen etc Head in the sand,reply,,,,,,,
JoyfullyECO,"We all want to be better world citizens, I share daily tips to help you care for the planet but still get what you want affordably. Tips, holidays, food & more","Pollen Is Getting Worse, but You Can Make Things Better With These Tips From an Allergist https://t.co/gKFKyxAoE7 #climate #organic #energy https://t.co/PIy2qCTxS1",Pollen Is Getting Worse but You Can Make Things Better With These Tips From an Allergist climate organic energy,organic,,,,,,,
redot2005,"Unionist, disabled veteran,  peace not war, an end of the rule of the few at the expense of the rest of us,","RT @JoyfullyECO: Pollen Is Getting Worse, but You Can Make Things Better With These Tips From an Allergist https://t.co/gKFKyxAoE7 #climate…",JoyfullyECO Pollen Is Getting Worse but You Can Make Things Better With These Tips From an Allergist climate,retweet,,,,,,,
elementartyy,The News and analysis you need,"It’s not your imagination. Allergy season gets worse every year. - 

  Pollen allergy seasons continue to get longer and more intense as temperatures rise.  The weather is warming. The flowers are blooming. Noses are running. Eyes are watering. 
It’s allergy season yet again... https://t.co/4uA1RWEjgs",It s not your imagination Allergy season gets worse every year Pollen allergy seasons continue to get longer and more intense as temperatures rise The weather is warming The flowers are blooming Noses are running Eyes are watering It s allergy season yet again,organic,,,,,,,
fgwen9,NA,I am glad it is warming up but the pollen can go! My car needs another bath snd the trees look like they have smoke when the wind starts blowing,I am glad it is warming up but the pollen can go My car needs another bath snd the trees look like they have smoke when the wind starts blowing,organic,,,,,,,
jc_Craze,oh how times change. i never dreamed that anything would be more important than music.       Ive always been a reader and political. Only truth can save us now.,"@EweFunky @LeeCamp No they rely on pollen, round up and agro herbicides are killing both indirectly.  However global warming had nothing to do it.  Urban growth and agriculture does.",EweFunky LeeCamp No they rely on pollen round up and agro herbicides are killing both indirectly However global warming had nothing to do it Urban growth and agriculture does,reply,,,,,,,
SteveSauls,Advanced Storm Spotter for the National Weather Service in Memphis TN. I am also a CoCoRaHS volunteer observer. Station ID is TN-MD-33,@KetteringOHWx Warming on up down here. Pollen is awful.,KetteringOHWx Warming on up down here Pollen is awful,reply,,,,,,,
HartnellGregory,Born at Saint Joseph's Hospital,"VOTE FOR MORE CRAZY CHEMTRAILED SKIES IN ALBERTA?
Go right ahead, if you want more 'climate change.' 
But don't fall for 'pollen' story...it's nanoparticulates on your car dash windows...",VOTE FOR MORE CRAZY CHEMTRAILED SKIES IN ALBERTA Go right ahead if you want more 'climate change ' But don't fall for 'pollen' story it's nanoparticulates on your car dash windows,organic,,,,,,,
geoffmprice,"west coast tech, science, politics, climate, art. Microsoft – made Office for iPad v1, now Office Data, Insights & Growth. Opinions are mine.","@ratman720 @AtomsksSanakan @Prudro01 @t_ftop @ErikLindy @MedBennett @JSegor @jwickers @Tokyo_Tom @ScottAdamsSays @mrmonks01 @StealthFlyBy @Lunatic__Fringe @Geopilot @ddasser @DJTDioxide @Fiddlers__Green @SteveSGoddard @SpartanMojo @Next__Pope @BryanVision @tan123 @NickMcGinley1 @minimalastiks @MikeBara9 @pelchat_gerald @mfgengr @TedDeplorable @NOAA @NASA Well here's the largest yet done. ""78 researchers from 24 countries, worked for seven years in the PAGES 2k project … based on 511 climate archives from around the world, from sediments, ice cores, tree rings, corals, stalagmites, pollen or historical documents and measurements"" https://t.co/1DgNP7CT5R",AtomsksSanakan Prudro ErikLindy MedBennett JSegor Tokyo Tom ScottAdamsSays StealthFlyBy Lunatic Fringe Geopilot DJTDioxide Fiddlers Green SteveSGoddard SpartanMojo Next Pope BryanVision NickMcGinley MikeBara TedDeplorable NOAA NASA Well here's the largest yet done researchers from countries worked for seven years in the PAGES k project based on climate archives from around the world from sediments ice cores tree rings corals stalagmites pollen or historical documents and measurements,reply,,,,,,,
RushMedical,"Rush is an academic health system that includes Rush University Medical Center in Chicago, Rush Oak Park Hospital and Rush Copley Medical Center in Aurora.","More mold, more pollen, more misery: Climate change will only make matters worse for allergy sufferers https://t.co/WneexdKY2T https://t.co/8xLnCzAc6o",More mold more pollen more misery Climate change will only make matters worse for allergy sufferers,organic,,,,,,,
rhonda_feasby,I am who I am...Family History is my thing...Married to my #Soulmate 💕,RT @NRDC: Learn more from @drkimknowlton on how climate change is contributing to significantly longer and more intense pollen seasons: htt…,NRDC Learn more from on how climate change is contributing to significantly longer and more intense pollen seasons htt,retweet,,,,,,,
drhipp,"*Tweets my own*  
Associate Professor, Dept. of Parks, Recreation, and Tourism Management, @NCState @NCStateCNR @NCSUgeospatial @NCState_CHHE @PAResearchCntr","@LeafyWatersheds @scissorsrunning Well the pollen has kept me from it a while. Of course, with all things climate and society, depends where you live as to being too hot, too humid, too cold, etc.",LeafyWatersheds Well the pollen has kept me from it a while Of course with all things climate and society depends where you live as to being too hot too humid too cold etc,reply,,,,,,,
DougWedel,"Road safety advocacy led me to cycling advocacy. 

Together, let's be the change.","RT @XR_Toronto: Climate change surprises keep on coming.
‘Extreme Pollen’ Blankets North Carolina in a Sneeze-Inducing Yellow Haze https://…",XR Toronto Climate change surprises keep on coming Extreme Pollen Blankets North Carolina in a Sneeze Inducing Yellow Haze,retweet,,,,,,,
ColinOnClimate,#Climate & energy at @georgemasonu | Work on climate equity 🙌 | CA native 🤙| Co-founder @transparentGMU | Let's get a #GreenNewDeal 🌅 | All opinions my own,"Long-wave hot take: allergies are an untapped climate communication opportunity. Every year they hit over 1/3 of Americans, impacting health, work, productivity, etc. But unlike air pollution, pollen is visible, &amp; 40 years ago only 1/10 of Americans suffered from allergies 😌",Long wave hot take allergies are an untapped climate communication opportunity Every year they hit over of Americans impacting health work productivity etc But unlike air pollution pollen is visible amp years ago only of Americans suffered from allergies,organic,,,,,,,
LeeBeth7,"parrot owner, bird and nature lover, Conservative Christian Enjoy raptor bird live cams #ProLife #Tucson,#Arizona #MonumentsForAll  #NoWall #DetroitTigers","@RobertPRowley2 As different as daylight from dark.  a climate I have lived in for 50 years except for the 2 years I spent in Tucson 5 years ago.  I have chronic sinusitis, so stay indoors most of time allergic to pollen &amp; mold.",RobertPRowley As different as daylight from dark a climate I have lived in for years except for the years I spent in Tucson years ago I have chronic sinusitis so stay indoors most of time allergic to pollen amp mold,reply,,,,,,,
gphabuzz,I am the official Twitter of the Georgia Pharmacy Association!,"Atlanta recently had the highest pollen count in six years, and further south the earlier springs (thanks, climate change) mean more pollen coming sooner. And it's not going away — although rain will provide some temporary relief. (https://t.co/9aWjKB0TZD) https://t.co/SfHZZaOAHM",Atlanta recently had the highest pollen count in six years and further south the earlier springs thanks climate change mean more pollen coming sooner And it's not going away although rain will provide some temporary relief,organic,,,,,,,
xxdalejrxx88,IPFW/IU Alum.Proud graduate of North Side REDSKINS  #NFB Ranked in top 5% users on Social Media. Influential in NASCAR and Football.,@CBSNews Climate change causes an increase in pollen season? God u people are so full of shit. What's next climate change affects puberty.,CBSNews Climate change causes an increase in pollen season God u people are so full of shit What's next climate change affects puberty,reply,,,,,,,
leoweekly,"Louisville's alternative newsweekly, covering the arts, culture and politics since 1990.
(The LEO Podcast is now on iTunes: https://t.co/C1vBse2QTB)","RT @leoweekly: More insects, mold and pollen. Welcome to climate change in your backyard.
https://t.co/9q573yDnJF",More insects mold and pollen Welcome to climate change in your backyard,retweet,,,,,,,
meemms_,yes I know you call your grandma Mimi,RT @brancwood: ok the fact that climate change has made pollen go off this year... this is now affecting me first hand can y’all fix it,ok the fact that climate change has made pollen go off this year this is now affecting me first hand can y all fix it,retweet,,,,,,,
TheMarkCarter,"Dad, RN, tech-y, No Agenda supporter/listener, foodie, movie & music lover, friend to dogs.  LAUGH w/ me, at ourselves. Hungry for joy. City of Hope.","Pollen(male plant sperm) counts high means the climate change is a giant patriarchy!
#ITM @adamcurry",Pollen male plant sperm counts high means the climate change is a giant patriarchy ITM,organic,,,,,,,
alleyezofficial,"The OFFICIAL TWITTER ACCOUNT for All Eyez LLC. Enhancing the social experience one event at a time. Established in 2017. Current schools: UMD🐢, UMBC🐾","“Some research has suggested that the warming trend that we have in our environment is causing the pollen seasons to start a little bit earlier, and extend a little bit longer,” -Dr. Stanley Fineman, Georgia allergist and immunologist",Some research has suggested that the warming trend that we have in our environment is causing the pollen seasons to start a little bit earlier and extend a little bit longer Dr Stanley Fineman Georgia allergist and immunologist,reply,,,,,,,
tweetmeidarey0u,🌹💎🕯,I just want to throw out there that the ever increasing severity of pollen allergies for people lately is related to global warming... so those of you affected by this really need to recognize it and make efforts to save the planet.,I just want to throw out there that the ever increasing severity of pollen allergies for people lately is related to global warming so those of you affected by this really need to recognize it and make efforts to save the planet,organic,,,,,,,
TheBrianPThomas,"Masters student in Political Science @AmericanU. 
Officially better than Italy.

Views my own, RTs =/= endorsement.",I'm all for deforestation and global warming if it gets rid of all this pollen,I'm all for deforestation and global warming if it gets rid of all this pollen,organic,,,,,,,
AngelPandaEarth,"I'm just another odd American male, living in God's image.","I predict that 2019 is gonna be about

&gt;A bunch of historical moments
&gt;Rough climate (Richmond VA) (Pollen season &amp; Snake season)",I predict that is gonna be about gt A bunch of historical moments gt Rough climate Richmond VA Pollen season amp Snake season,organic,,,,,,,
nicafeole,"Mom, RN, lover of Indie Rock, soccer, spinning & a good book, reducing my carbon footprint & use of Palm Oil, advocating for Dyslexia Awareness","RT @NPR: For Dr. Rice, connecting the ""consequences of climate change"" — heatwaves, more pollen, longer allergy seasons — to her patients'…",NPR For Dr Rice connecting the consequences of climate change heatwaves more pollen longer allergy seasons to her patients',retweet,,,,,,,
themediawitch,"film/TV critic, witchcraft scholar @Broadly @Polygon @TheArtsFuse @filmschoolrejects @BDisgusting @VagueVisages   @CrookedMarquee  @OrlandoWeekly #binders","@CircleReader @smdadamo That's not actually applicable; every region has a different climate and different trees. In the Northeast US, oak tree pollen is the main culprit in spring. Also the sex issue has to do what what trees are PLANTED; not whether trees ""come in"" both genders (whatever that means).",CircleReader That's not actually applicable every region has a different climate and different trees In the Northeast US oak tree pollen is the main culprit in spring Also the sex issue has to do what what trees are PLANTED not whether trees come in both genders whatever that means,reply,,,,,,,
violinwitch,"21. she/her. @agnesscott '19. words in @catapultstory, @commoncreativ, @theGAvoice, @hcagnesscott, @honeyandlimelit, and @moonchildmag. 🏳️‍🌈",conspiracy theory pitch: allergy medicine companies are climate change deniers so plants on this dying earth will produce more pollen and cause people to buy more allergy meds. is this anything,conspiracy theory pitch allergy medicine companies are climate change deniers so plants on this dying earth will produce more pollen and cause people to buy more allergy meds is this anything,organic,,,,,,,
thrudasmog,"Air quality, diesel and coal. Seeing more clearly. Postings are my own and do not necessarily reflect the views of Respiratory Health Association.","This is just maddening? IL wants to charge a $1000/yr to drive a car that DOESN'T cause asthma attacks and lung damage, and that DOES lessen flooding, pollen, heat waves and other global warming-driven problems??  #smh #FixHB3222 #EVs https://t.co/pLEh2GxtFl",This is just maddening IL wants to charge a yr to drive a car that DOESN'T cause asthma attacks and lung damage and that DOES lessen flooding pollen heat waves and other global warming driven problems smh FixHB EVs,organic,,,,,,,
iPhillySports,Official Philadelphia Sports Twitter account.  Premier news from Philly Sports Accounts.,"Climate Change May Mean Bigger Pollen Problems, Experts Say https://t.co/oaiUd3vuXd",Climate Change May Mean Bigger Pollen Problems Experts Say,organic,,,,,,,
Lddbabyy,NA,RT @voxdotcom: It's not just you: Allergy season is getting longer and pollen levels are getting higher. Blame climate change. https://t.co…,It's not just you Allergy season is getting longer and pollen levels are getting higher Blame climate change,retweet,,,,,,,
Trill_A,IG: gloku_ak SC: in0rmality OTE x MBM,People deadass don’t be having allergies in this pollen climate I’m out here fighting for my fucking life 😭,People deadass don t be having allergies in this pollen climate I m out here fighting for my fucking life,organic,,,,,,,
BlueRaveFinn,Wondering what I'm going to do when I grow up. Pipio ergo sum.,@SoupFox Ugh. Pollen sucks. Apparently global warming is making it worse too!,SoupFox Ugh Pollen sucks Apparently global warming is making it worse too,reply,,,,,,,
gacomriesr,NA,"RT @HowieCarrShow: You’re not imagining it: The pollen increase is real, and it’s linked to climate change https://t.co/rS7mxqW35g via @Bos…",HowieCarrShow You re not imagining it The pollen increase is real and it s linked to climate change via Bos,retweet,,,,,,,
trvestuff,i say stuff i think makes sense,"RT @pmcnow: The pollen increase is real, and it’s linked to climate change and gesundheit!  https://t.co/wBRs0nKctp",The pollen increase is real and it s linked to climate change and gesundheit,retweet,,,,,,,
LauraAlix,"Bostonish-based banking reporter @AmerBanker, prev. @bankertradesman Gardening, running, and way too much coffee. RTs = RTs, #binders","RT @growingwisdom: You’re not imagining it: The pollen increase is real, and it’s linked to climate change https://t.co/nAHnWmKgk5 via @Bos…",You re not imagining it The pollen increase is real and it s linked to climate change via Bos,retweet,,,,,,,
trvestuff,i say stuff i think makes sense,"RT @LisaWesnak: You’re not imagining it: The pollen increase is real, and it’s linked to climate change https://t.co/DBRhtHPMxa via @Boston…",LisaWesnak You re not imagining it The pollen increase is real and it s linked to climate change via Boston,retweet,,,,,,,
markpothier,"Boston Globe writer and editor; half of the Boston band Adventure Set; pseudo mountain climber. Opinions, smart or otherwise, could be mine.","There's more #pollen than ever this spring and, yup, it's connected to climate change. (Pre-emptive ""bless you!"" here.)
https://t.co/W59hfLILfK via @BostonGlobe",There's more pollen than ever this spring and yup it's connected to climate change Pre emptive bless you here via BostonGlobe,organic,,,,,,,
kelticlass60,"Economic and Demographic Research Analyst. Interest in Workforce Development. Social Activist Enjoy the sea, friends & family life🦋","Scary ""Higher concentrations of carbon dioxide in the atmosphere provide plants with more food, making them larger and leading to more pollen, sniffling, and sneezing, research has shown.
Pollen is bad &amp; climate change is the culprit https://t.co/a2bJ8aA6NG via @BostonGlobe",Scary Higher concentrations of carbon dioxide in the atmosphere provide plants with more food making them larger and leading to more pollen sniffling and sneezing research has shown Pollen is bad amp climate change is the culprit via BostonGlobe,organic,,,,,,,
BostonGlobe,"Boston and New England's leading source for breaking news and analysis, with coverage from across the world. Visit us at http://www.bostonglobe.com.","Pollen is getting worse, and climate change is the culprit https://t.co/xqNpdgYmA7",Pollen is getting worse and climate change is the culprit,organic,,,,,,,
geokem7,"Ph.D. in Geological Sciences. Geochemist with interests in environmental and geological sciences, foreign affairs and government (Navy vet (SWO)).","RT @Garybham: Pollen is getting worse, and climate change is the culprit: Higher concentrations of carbon dioxide in the atmosphere provide…",Garybham Pollen is getting worse and climate change is the culprit Higher concentrations of carbon dioxide in the atmosphere provide,retweet,,,,,,,
VictorB123,"Opinionated single parent.  Army veteran.  San Jose, California.  Might move back to the USA sometime. Hot dogs are a sandwich.  Die Hard is a Christmas movie.","Saw an article in the Boston Globe yesterday that says pollen is getting worse due to climate change.  This is the sort of false reporting that should get pushback.  It is very likely that pollen IS increasing but not at all due to ""climate change"".",Saw an article in the Boston Globe yesterday that says pollen is getting worse due to climate change This is the sort of false reporting that should get pushback It is very likely that pollen IS increasing but not at all due to climate change,organic,,,,,,,
krnpalmer,"I am a political/news junkie, pro all things Scottish, especially the preservation and promotion of Scottish Gàidhlig, and single malt  whisky afficionado.","@Vincentsmith323 It is another result of global warming. Longer pollen seasons. 
You know, that fictitious, fake news.",Vincentsmith It is another result of global warming Longer pollen seasons You know that fictitious fake news,reply,,,,,,,
quixote1775,NA,"@FloridaDude297 @BibleBeltDarlin Wonder how? There’s no unvaccinated or unhealthy illegals in California. I’m sure it is really allergies from pollen caused by global warming, or climate change, or whatever the hell they’re calling to today.",FloridaDude BibleBeltDarlin Wonder how There s no unvaccinated or unhealthy illegals in California I m sure it is really allergies from pollen caused by global warming or climate change or whatever the hell they re calling to today,reply,,,,,,,
Spectrum_HC,"A trusted community & home health care provider offering Nursing, Personal Support, Homemaking and Corporate Wellness services. Re-tweets are not Endorsements.","Have you noticed your allergies getting worse every year? Trees are producing pollen earlier and in greater quantities each year due to climate change.

https://t.co/XzMFejBrPy",Have you noticed your allergies getting worse every year Trees are producing pollen earlier and in greater quantities each year due to climate change,organic,,,,,,,
SandyMaisel,NA,"You’re not imagining it: The pollen increase is real, and it’s linked to climate change https://t.co/MZhVgqVcnT via @BostonGlobe",You re not imagining it The pollen increase is real and it s linked to climate change via BostonGlobe,organic,,,,,,,
CarvajalF,"follow Diwan @Yemen_2016 - lifelong student of Yemeni culture, history and politics - RT ≠ endorsement","🤦🏽‍♂️... “studies all point to the potential effects of climate change, ranging from the discovery that rice loses vitamins in a carbon-rich environment to a warning that increased temperatures could boost pollen levels” https://t.co/kIizZPPoUA",studies all point to the potential effects of climate change ranging from the discovery that rice loses vitamins in a carbon rich environment to a warning that increased temperatures could boost pollen levels,organic,,,,,,,
revraygreen,Is my medicine legal yet ?,"#Trump has #ZeroFTG about the environment -admin reportedly buried extensive research by experts shows the dramatic effects of climate change on agriculture in the U.S., including studies showing that some crops could lose nutritional value more intense pollen seasons

#Iowa",Trump has ZeroFTG about the environment admin reportedly buried extensive research by experts shows the dramatic effects of climate change on agriculture in the U S including studies showing that some crops could lose nutritional value more intense pollen seasons Iowa,organic,,,,,,,
NCCHCAOnline,"North Carolina Community Health Center Association: the nonpartisan, nonprofit Primary Care Association working for Community Health Centers in North Carolina.","Ohhh no. @KymHunteratlaw says we will get more pollen, mold with climate change. Also ozone and wildfires. This will lead to more respiratory and cardiovascular diseases. Bad for kids, poor ppl, pregnant ppl. #NCCHCAPCC19 https://t.co/GgXRjzWinl",Ohhh no KymHunteratlaw says we will get more pollen mold with climate change Also ozone and wildfires This will lead to more respiratory and cardiovascular diseases Bad for kids poor ppl pregnant ppl NCCHCAPCC,organic,,,,,,,
thack86,Retired Navy Journalist. Go Cougs!,RT @TheEconomist: Climate change is causing pollen season in Alaska to last longer https://t.co/B79qSX3lQm,TheEconomist Climate change is causing pollen season in Alaska to last longer,retweet,,,,,,,
MontgomeryScout,Carpe Diem🌸,RT @TheEconomist: Climate change is affecting how trees and plants release pollen in Alaska https://t.co/mv1cjhD2eg,TheEconomist Climate change is affecting how trees and plants release pollen in Alaska,retweet,,,,,,,
kamorgan91,"Outdoor enthusiast | Science, Policy, Advocacy | Now: @NPCA, Then: @OurOcean @switchboardcom | @JHUesp & @StMarysMD Alum | Home is #NEDC | Tweets my own","'connecting [climate change] consequences — heat waves, more pollen, longer allergy seasons — to ... patients' health is becoming routine. She is among a very small but growing number of doctors and nurses who discuss those connections with patients.' https://t.co/VDzLMY0y7G",'connecting climate change consequences heat waves more pollen longer allergy seasons to patients' health is becoming routine She is among a very small but growing number of doctors and nurses who discuss those connections with patients ',organic,,,,,,,
SinusReliefCtr,"The Premiere #ENT Center in Las Vegas. Specializing in balloon sinuplasty, sinus treatments, and sinus pain relief. #BreatheBetterNow

Call us at 702-312-3333",@starringDERECA Allergies are very common in Las Vegas. The warmer climate allows plants to produce more pollen throughout the year. https://t.co/42N0vwgwnK,starringDERECA Allergies are very common in Las Vegas The warmer climate allows plants to produce more pollen throughout the year,reply,,,,,,,
SinusReliefCtr,"The Premiere #ENT Center in Las Vegas. Specializing in balloon sinuplasty, sinus treatments, and sinus pain relief. #BreatheBetterNow

Call us at 702-312-3333",@King_Pixiee Allergies are very common in Las Vegas. The warmer climate allows plants to produce more pollen throughout the year. https://t.co/42N0vwgwnK,King Pixiee Allergies are very common in Las Vegas The warmer climate allows plants to produce more pollen throughout the year,reply,,,,,,,
philipsturner,Blogger @ http://t.co/SVhxrlvUr9 /editor @ PT Book Productions—http://t.co/kzMumMZpMJ. Live music&urban enthusiast http://t.co/vLHPjYwH3M,"@ChristineMcAvoy Yeah, sorry. Unfortunately, it's one of the effects of climate change. Pollen and plant-borne irritants closer to year-round. It sucks, I know. I've edited a good book on this, Changing Planet, Changing Health by Dr Paul Epstein.",ChristineMcAvoy Yeah sorry Unfortunately it's one of the effects of climate change Pollen and plant borne irritants closer to year round It sucks I know I've edited a good book on this Changing Planet Changing Health by Dr Paul Epstein,reply,,,,,,,
PlanetDetroit,"An email newsletter designed to keep you informed on what's happening in Detroit's environment. 
SUBSCRIBE FREE","This week's Planet Detroit:
*Pollen problems on the ‘urban prairie’ @undarkmag 
*Report documents Great Lakes 'revival' @IAGLR  
*Michigan farmers continue to feel squeeze from climate, trade @BridgeMichigan 
SUBSCRIBE FREE  https://t.co/41sU5PBEF7",This week's Planet Detroit Pollen problems on the urban prairie Report documents Great Lakes 'revival' IAGLR Michigan farmers continue to feel squeeze from climate trade BridgeMichigan SUBSCRIBE FREE,reply,,,,,,,
Chuckumentary,"My eyeballs see 360°. Founder/CEO of @visualisgood ❤️ Cats, pants, revolution as needed.","Ragweed pollen is very high. Because of climate change, our ragweed season is 18 days longer than 20 yrs ago AND more CO2 means they produce more pollen. 🥵 https://t.co/KKtFaEBesV",Ragweed pollen is very high Because of climate change our ragweed season is days longer than yrs ago AND more CO means they produce more pollen,organic,,,,,,,
ATempleton1,NA,"RT @CBCNews: Pollen levels are rising in many Canadian cities. 
Reasons include climate change, tree-planting policies and concrete buildin…",CBCNews Pollen levels are rising in many Canadian cities Reasons include climate change tree planting policies and concrete buildin,retweet,,,,,,,
JoanneSpruceC21,about to start something new - a project with an innovative start-up. Exciting times!,"""Experts in the allergy community believe climate change is largely to blame, with rising temperatures kicking pollen-producing plants into high gear..."" https://t.co/tQXWOPL7qL #allegies #climatechange",Experts in the allergy community believe climate change is largely to blame with rising temperatures kicking pollen producing plants into high gear allegies climatechange,organic,,,,,,,
climatecsi,"An incubator for climate entrepreneurs, innovators, and leaders at the Centre for Social Innovation. @csito","Understanding plant pollination, the increase in CO2 and pollination link and the difference between rural and urban distribution of pollen help us see how everything is connected to the climate changing.
#PollenLevels #ClimateChange #ClimateActionNow 
https://t.co/BAnhuRYrWj",Understanding plant pollination the increase in CO and pollination link and the difference between rural and urban distribution of pollen help us see how everything is connected to the climate changing PollenLevels ClimateChange ClimateActionNow,organic,,,,,,,
HarvardHealth,Knowledge is the best medicine. Providing you with trustworthy health information from the halls of @Harvardmed and world-famous affiliated hospitals.,Climate change is increasing the potency of pollen. https://t.co/BZwlTG6fBO #HarvardHealth https://t.co/BJFEVAeRI0,Climate change is increasing the potency of pollen HarvardHealth,organic,,,,,,,
windthin,David Bythewood🇵🇷: Artist/UU/NavyBrat/Steampunk Blue Lantern #HOPE #Resistance #GeeksResist #DemCast #OneVoice1 #FBR #LGBTQ🏳️‍🌈 #Transgenderparent🏳️‍⚧️#Z99,"5/9 Again, getting proper diagnosis and prescription medication has almost entirely wiped that away, though I still suffer certain times of the year as climate changes and pollen seasons get worse.",Again getting proper diagnosis and prescription medication has almost entirely wiped that away though I still suffer certain times of the year as climate changes and pollen seasons get worse,reply,,,,,,,
MargariVasiliki,NA,"Come to our family-friendly pollen event at the @SedgwickMuseum, Cambridge this Saturday at 10am to learn about fossil pollen grains &amp; what they can teach us about changes in past vegetation and climate  @UCLgeography https://t.co/KWpwtJWA6p",Come to our family friendly pollen event at the SedgwickMuseum Cambridge this Saturday at am to learn about fossil pollen grains amp what they can teach us about changes in past vegetation and climate UCLgeography,organic,,,,,,,
tryagainme,"Retired nurse, mother grand & great-grandmother.  Believe in freedom with responsibility & standing up for honesty.  AMERICA is already GREAT. No list please","RT @bkaydw: Climate Change: It’s a Buzzkill for Bumblebees

You like food?
🐝bumblebees’ extra fuzz allows them to carry pollen to 🍅🌶🍓
🐝bumb…",Climate Change It s a Buzzkill for Bumblebees You like food bumblebees extra fuzz allows them to carry pollen to bumb,retweet,,,,,,,
markloh1,"I am a progressive environmentalist, Trustee of the NJ Highlands Coalition, and NJ Pinelands Commissioner #Bernie2020 #Boomer4Bernie #BoycottMSNBC","Another sign of climate change: Feb 18, 2020 in NJ and there is a honey bee out of hibernation, and seeking pollen on my snow drops. Damn. https://t.co/PSwsfIuXfy",Another sign of climate change Feb in NJ and there is a honey bee out of hibernation and seeking pollen on my snow drops Damn,organic,,,,,,,
Anonymom13,#Believer #Enlightenment #light #love #positivity,"To climate change deniers, the presence of tree pollen this early belies your denial. So does my lupus, which is triggered by said pollen. Waiting for spring to be over 😫",To climate change deniers the presence of tree pollen this early belies your denial So does my lupus which is triggered by said pollen Waiting for spring to be over,organic,,,,,,,
sierramariee8,slim 🕊,i’m so glad about it warming up in the next season but i for sure forgot about it being pollen season 😰,i m so glad about it warming up in the next season but i for sure forgot about it being pollen season,organic,,,,,,,
DMcFarlandwx,Certified Broadcast Meteorologist at @KVOA | Pensacola Native | FSU ALUM | #RavensFlock & #Preds | Surfer🏄 Skier🎿,"With no rain in sight and warming temperatures, pollen is going to increase across Southern Arizona. 
What are you doing to avoid allergies? https://t.co/1qtgjC2LrU",With no rain in sight and warming temperatures pollen is going to increase across Southern Arizona What are you doing to avoid allergies,organic,,,,,,,
pholanthropist,"Afro-Vietnamese 🇻🇳

crochet artíst

Designs: @handmadebyle
Shop:  http://HandmadebyLe.com
Business email: handmadebyle@gmail","RT @wordsncurves: As global warming continues, the pollen count is going to continue to rise. This Vox Video explains it.

https://t.co/Ww4…",As global warming continues the pollen count is going to continue to rise This Vox Video explains it,retweet,,,,,,,
Coverage_BCBSMA,A news service of Blue Cross Blue Shield of Massachusetts,"As many of us find ourselves spending more time outdoors, tens of millions of allergic Americans are bracing for pollen. Read our climate doctor’s perspective. #ClimateChangesHealth @DrAriBernstein @HarvardCCHANGE https://t.co/O9duJHYgQQ https://t.co/f0X54fTNk9",As many of us find ourselves spending more time outdoors tens of millions of allergic Americans are bracing for pollen Read our climate doctor s perspective ClimateChangesHealth DrAriBernstein HarvardCCHANGE,organic,,,,,,,
ChrisHolcomb,Certified Broadcast Meteorologist for @11AliveNews Atlanta's NBC affiliate. Atlanta native and lifelong Georgia resident. Husband and Dad!,The rain and cooler air helped!  The pollen count is down to 1657. It’s still considered “extremely high.”  It will probably go back up the next few days with dry weather and gradually warming temperatures. https://t.co/6Ako6HF3z8,The rain and cooler air helped The pollen count is down to It s still considered extremely high It will probably go back up the next few days with dry weather and gradually warming temperatures,organic,,,,,,,
HaroldBeSmith,"B. Arch, MBA, LEED AP, retired architect, director, LPRO; ex-director NANPS; native plant gardener, bike riding pinko","Where I live it’s f’ing leaf blower crews blasting not only ear piercing 100+ dB noise but also toxic GHG fumes, fine airborne toxic dust particulate matter, pollen, fecal matter, etc. You’d think few in this neighborhood are aware of climate change.",Where I live it s f ing leaf blower crews blasting not only ear piercing dB noise but also toxic GHG fumes fine airborne toxic dust particulate matter pollen fecal matter etc You d think few in this neighborhood are aware of climate change,organic,,,,,,,
ESA_org,The Ecological Society of America is the world’s largest community of professional ecologists and a trusted source of ecological knowledge.,"RT @ESAEcology: #New #OpenScience Data Paper from @ESAEcology

The climatic space of European #pollen taxa

#climate #bioclimatic #palaeocl…",ESAEcology New OpenScience Data Paper from ESAEcology The climatic space of European pollen taxa climate bioclimatic palaeocl,retweet,,,,,,,
pinkypads_mbf,retired analytical chemist and slave to our four footed furry masters,"@BellWhitworth We've had freeze warnings the last 2 nights here in Central Virginia and will last the next few nights. Although it is warming up to the low 60's, making for lovely spring weather, except for all the tree pollen. I am sneezing my head off every time I take the Pudge out.",BellWhitworth We've had freeze warnings the last nights here in Central Virginia and will last the next few nights Although it is warming up to the low 's making for lovely spring weather except for all the tree pollen I am sneezing my head off every time I take the Pudge out,reply,,,,,,,
NickDespota,"Resident of Richmond,CA. Member of Contra Costa County Sustainability Commission. Citizens Climate Lobby, Alameda Chapter, communications team. Grandfather.",I’ve been experiencing stronger pollen-induced reactions every spring. Thought it was my own weakening response to seasonal allergens. But this makes me rethink what’s happening. Another unexpected consequence of a changing climate.,I ve been experiencing stronger pollen induced reactions every spring Thought it was my own weakening response to seasonal allergens But this makes me rethink what s happening Another unexpected consequence of a changing climate,organic,,,,,,,
pm_girl,"Follow me! I am interesting... 🥰

#breakingnews #news #socialmedia #tech #politics #sports #india #movies #bollywood #technews #technology #indianpolitics",#Climate change increases the amount of allergenic pollen in the air. This is due to a flowering season that's getting longer every year https://t.co/Ixr6khWNnR #science,Climate change increases the amount of allergenic pollen in the air This is due to a flowering season that's getting longer every year science,organic,,,,,,,
sunnysav__,"jack of all trades, master of about 7","Living in Vegas= living in dry windy desert climate= pollen = my sinuses being really dry and my allergies v active= a splitting sinus headache = clenching the fuck out of my teeth

I’m boutta yeet myself from this state",Living in Vegas living in dry windy desert climate pollen my sinuses being really dry and my allergies v active a splitting sinus headache clenching the fuck out of my teeth I m boutta yeet myself from this state,organic,,,,,,,
allergytestco,A leading #allergytesting and #intolerancetesting company helping people to identify what is causing their stressful symptoms. Order here: https://t.co/K98VN2ES3F,"Longer pollen seasons, higher temperatures and changing migration patterns.

Find out how climate change is worsening allergies.

https://t.co/jDDYvuam3B

#allergies #sensitivity #diet #health",Longer pollen seasons higher temperatures and changing migration patterns Find out how climate change is worsening allergies allergies sensitivity diet health,organic,,,,,,,
uctelevision,Videos featuring thought-provoking content from the University of California.,Explores how #ClimateChange is contributing to higher pollen counts and mold making #allergies worse. VIDEO: Impacts of Our Changing Climate on Allergic Respiratory Disease https://t.co/OL89dSOpOy https://t.co/7igOB8vcM1,Explores how ClimateChange is contributing to higher pollen counts and mold making allergies worse VIDEO Impacts of Our Changing Climate on Allergic Respiratory Disease,organic,,,,,,,
writerly_dee,Freelance journalist + copy editor. @editorscanada member. Child of immigrants. Avid bookworm. Snail mail fiend. She/her. http://SeeDisclaimer.com,"RT @Cinecraig: If you're allergic to pollen, climate change will intensify allergy season https://t.co/luQvWtaYR7 #climatechange #climate #…",Cinecraig If you're allergic to pollen climate change will intensify allergy season climatechange climate,retweet,,,,,,,
NMNH,The @Smithsonian’s National Museum of Natural History. Understanding the natural world and our place in it. Legal: http://s.si.edu/legal,Dr. @VeraKorasidis studies microscopic fossil spores and pollen to understand Earth’s climate history. Intrigued? This week she'll be taking over our Instagram account to share stories about her research—join us! https://t.co/JGptU6asF9 https://t.co/dEHTHZVF9R,Dr VeraKorasidis studies microscopic fossil spores and pollen to understand Earth s climate history Intrigued This week she'll be taking over our Instagram account to share stories about her research join us,organic,,,,,,,
thinkteachtype,teacher | grade 6 language arts | social studies | gifted | middle childhood education | special education | title 1 | foodie | http://amzn.to/2WURHKN,"DUST. POLLEN. ALLERGENS. 🦠

These increase coughing and sneezing throughout the day, which also increase the spread of germs!

My @DonorsChoose project is for an air purifier to conquer the polluted air and create a healthy learning climate!

https://t.co/K9ge9dnuLW",DUST POLLEN ALLERGENS These increase coughing and sneezing throughout the day which also increase the spread of germs My DonorsChoose project is for an air purifier to conquer the polluted air and create a healthy learning climate,organic,,,,,,,
thinkteachtype,teacher | grade 6 language arts | social studies | gifted | middle childhood education | special education | title 1 | foodie | http://amzn.to/2WURHKN,"@LenaRCarroll @KASMOM24 DUST. POLLEN. ALLERGENS. 🦠

These increase coughing and sneezing throughout the day, which also increase the spread of germs!

My @DonorsChoose project is for an air purifier to conquer the polluted air and create a healthy learning climate!

https://t.co/K9ge9dnuLW",LenaRCarroll KASMOM DUST POLLEN ALLERGENS These increase coughing and sneezing throughout the day which also increase the spread of germs My DonorsChoose project is for an air purifier to conquer the polluted air and create a healthy learning climate,reply,,,,,,,
thinkteachtype,teacher | grade 6 language arts | social studies | gifted | middle childhood education | special education | title 1 | foodie | $jt05eagle | https://t.co/NGZ0jHEdhU,"I have 2 projects this school year. Check them out &amp; support if you can!

1️⃣ An air purifier to conquer the air polluted with dust, pollen &amp; allergens &amp; create a healthy learning climate!
2️⃣ Bookcases to accommodate additional books, displays &amp; storage!

https://t.co/E4XJnFCW8B",I have projects this school year Check them out amp support if you can An air purifier to conquer the air polluted with dust pollen amp allergens amp create a healthy learning climate Bookcases to accommodate additional books displays amp storage,organic,,,,,,,
allergytestco,A leading #allergytesting and #intolerancetesting company helping people to identify what is causing their stressful symptoms. Order here: https://t.co/K98VN2ES3F,"RT @allergytestco: Longer pollen seasons, higher temperatures and changing migration patterns.

Find out how climate change is worsening al…",Longer pollen seasons higher temperatures and changing migration patterns Find out how climate change is worsening al,retweet,,,,,,,
kemosite,"Web dev. CAN-BIKE Instructor. Owner of @thebikeport. #Carfree since 2011. #BicyclesAsTransport and bicycle urbanist. #BikeBrampton #DrivistsBeDrivin
he/him","RT @gilliancgrace: 1. Most urban trees are male, with a tendency to spew pollen
2. Climate change has led to an earlier and longer pollen s…",Most urban trees are male with a tendency to spew pollen Climate change has led to an earlier and longer pollen s,retweet,,,,,,,
JacquelynGill,Ice Age ecologist in a warming world. Associate Professor at @UMaine’s Climate Change Institute. Host of @ourwarmregards. #TeamMuskOx She/her 🏳️‍🌈,"Scientists had long recognized that as Earth was warming of the last glaciation, the climate took an abrupt turn back to cold conditions. In fact, the name ""Dryas"" comes from this lovely Arctic plant, because its pollen started showing up in sediment cores as the climate cooled. https://t.co/YW9jf7VaHL",Scientists had long recognized that as Earth was warming of the last glaciation the climate took an abrupt turn back to cold conditions In fact the name Dryas comes from this lovely Arctic plant because its pollen started showing up in sediment cores as the climate cooled,reply,,,,,,,
bganter,"Scholarly Rocket. English Faculty @ Capilano University, Vancouver, Canada. Students can also visit my teaching profile @GanterCapCourse. ~he,him~","RT @jr_carpenter: Cities plant predominately male trees, which produce pollen. Climate change has led to an earlier and longer pollen seaso…",Cities plant predominately male trees which produce pollen Climate change has led to an earlier and longer pollen seaso,retweet,,,,,,,
RobZeigler,"Film editor, writer and photographer. Also on Instagram and Youtube - ""robzeigler""",@unimatrixZxero @saradietschy Short answer: cedar allergies. This climate seems to trap pollen. Some people actually end up moving away because of it. Do a quick Google search and you'd be amazed.,unimatrixZxero Short answer cedar allergies This climate seems to trap pollen Some people actually end up moving away because of it Do a quick Google search and you'd be amazed,reply,,,,,,,
NeoCrp,North East Ohio Climate Reality Project Chapter,"Flowers adjust UV pigments for climate change
*As temperatures+ozone levels rise, blossoms adjust UV pigmentation protecting pollen
*UV-absorbing pigments in flowers work like sunscreen+protect sensitive cells, pollen, from harmful radiation

https://t.co/QZUNXRhj1V",Flowers adjust UV pigments for climate change As temperatures ozone levels rise blossoms adjust UV pigmentation protecting pollen UV absorbing pigments in flowers work like sunscreen protect sensitive cells pollen from harmful radiation,organic,,,,,,,
LKHamilton,Author of the NYT Bestselling Anita Blake Series and Merry Gentry Series. Bio-geek. Thought seriously about being a wildlife biologist before writing won out.,RT @NMNH: Smithsonian and USDA scientists studied how climate change is impacting the protein content of pollen. Their research showed that…,NMNH Smithsonian and USDA scientists studied how climate change is impacting the protein content of pollen Their research showed that,retweet,,,,,,,
Brigit_McWade,Lecturer in Medical Sociology @LancasterMedSchool #madstudies #disabilitystudies #wideningparticipation #decolonizing #antiracism #blacklivesmatter,"RT @MichaelMarmot: Direct impacts on health of climate change include exposure to heat/cold and UV radiation, air pollution, pollen, emergi…",MichaelMarmot Direct impacts on health of climate change include exposure to heat cold and UV radiation air pollution pollen emergi,retweet,,,,,,,
ErikaBsumek,"Ph.D., Scholar of environmental, digital & Native Am history UT-Austin, creator @ClioVis & http://radicalhopesyllabus.com Views my own. #dh #twitterhistorians","RT @UT_HistDept: This Monday, head over to the Institute for Historical Studies for ""Proxy Pollen and the Nature of Climate,"" a workshop by…",UT HistDept This Monday head over to the Institute for Historical Studies for Proxy Pollen and the Nature of Climate a workshop by,retweet,,,,,,,
EliseBead,"Registered Independent,  #Think #Laugh #Act #TeamJustice #JusticeMatters","RT @hyraxmiddens: For anyone interested in pollen-based  climate reconstruction, the new baseline:
https://t.co/zUqwiKHnBf",For anyone interested in pollen based climate reconstruction the new baseline,retweet,,,,,,,
Susie39212967,"Government & Politics Health General News Sports Politics Comedy, Married to my sweetie heart. Please don't DM me.",RT @TGalore2: @B52Malmet @JoeBiden Well I’d expect a lot of it when he’s in GA and for several days after. Our climate and pollen situation…,TGalore B Malmet JoeBiden Well I d expect a lot of it when he s in GA and for several days after Our climate and pollen situation,retweet,,,,,,,
forestecw,"I drink too much, i swear too much and i'm spectacularly inappropriate most of the time. Its dry... very dry.","""Achoo! Climate Change Lengthening Pollen Season in U.S., Study Shows"" by John Schwartz via NYT https://t.co/5J7vNHuMiT",Achoo Climate Change Lengthening Pollen Season in U S Study Shows by John Schwartz via NYT,organic,,,,,,,
finneyeric,"Aspirational and ambitious for results! Enjoy sharing good content. 
Work @AP. @Georgetown and @USC alum. Born in #Hawaii, raised in #Sydney. Views are my own.",RT @billm9: Nothing to sneeze at: Global warming triggers earlier pollen (from @AP) https://t.co/8fhtTksvUU,Nothing to sneeze at Global warming triggers earlier pollen from AP,retweet,,,,,,,
AlyeskaDawn,American Public Health Association (APHA) Keeping Health & Wellness' Prime Movers in top shape. We support public health initiatives everywhere,Listen: Nothing to sneeze at: Global warming triggers earlier pollen https://t.co/cy5DMquE2e,Listen Nothing to sneeze at Global warming triggers earlier pollen,organic,,,,,,,
WJTV,"We're Mississippi's Original News Team! Join us on-air and online for local news, weather, and sports from our studio in Central Mississippi.",Nothing to sneeze at: Global warming triggers earlier pollen https://t.co/smtXf4Begu,Nothing to sneeze at Global warming triggers earlier pollen,organic,,,,,,,
NEWS1130,"Vancouver's breaking news, traffic and weather station.","Across the U.S. and Canada, pollen season is starting 20 days earlier and pollen loads are 21% higher since 1990 and a huge chunk of that is because of global warming, a new study found. https://t.co/wRFWriiZhl https://t.co/LeWel160ek",Across the U S and Canada pollen season is starting days earlier and pollen loads are higher since and a huge chunk of that is because of global warming a new study found,organic,,,,,,,
barrelrider684,"It's a dangerous business, Frodo, going out your door. You step onto the road, and if you don't keep your feet, there's no knowing where you might be swept.🌊🌊","RT @APHealthScience: Study blames climate change for earlier and worse pollen seasons. 
https://t.co/sgaCPoATjb",APHealthScience Study blames climate change for earlier and worse pollen seasons,retweet,,,,,,,
lynn180_lynn,"Interested in sharing smart, credible information. ☕️, tea, coffee enthusiast, 🌳 Hugging Mom, ✡️, Atheist, 🎨 .","RT @jswatz: Climate change, in your nose. It's making pollen season longer, and increasing the amount of pollen in the air, as well. Oh, an…",Climate change in your nose It's making pollen season longer and increasing the amount of pollen in the air as well Oh an,retweet,,,,,,,
imagine_garden,"""My grandmothers' ingenuity overcame gender discrimination and economic exploitation in a hostile society to prove their genius."" #earthsoldierbook
E.S.C.S",RT @gridpointwx: Study: #CLIMATE change exacerbating pollen season https://t.co/FKzAvYU807  #GlobalWarming #climatechange,Study CLIMATE change exacerbating pollen season GlobalWarming climatechange,retweet,,,,,,,
knowyourbees,"We focus on honey bee health, beekeeping optimization, and the honey bee's direct connection to global food production.","Achoo! Climate Change Lengthening Pollen Season in U.S., Study Shows https://t.co/q9DG5eY0hW",Achoo Climate Change Lengthening Pollen Season in U S Study Shows,organic,,,,,,,
iowasnewsnow,"When news breaks and severe weather rolls in, Iowa’s News Now is giving you the most up to date information. When we know, you’ll know. That’s what NOW means.","Another impact of global warming? Earlier pollen season. Some allergists are now telling patients to start allergy meds around St. Valentines Day.

https://t.co/CzVpPnY4qF",Another impact of global warming Earlier pollen season Some allergists are now telling patients to start allergy meds around St Valentines Day,organic,,,,,,,
MatthewBParksSr,"Award winning Technology Shogun, Consultant, Instructor, Presenter, and Demigod. Mix equal parts Geek, Chic, Cool, Sexy and Stir. #BlackInSTEM",RT @guardiannews: Pollen season grows 20 days in 30 years as climate crisis hits hay fever sufferers https://t.co/YRH7lZJf1p,Pollen season grows days in years as climate crisis hits hay fever sufferers,retweet,,,,,,,
KMETRadio,"ABC News Radio 1490AM #SanBernardino, #Riverside, #PalmSprings and everywhere online...",Global warming triggers earlier pollen https://t.co/KTzxoXwiRS via @abc https://t.co/1nktxpG4dA,Global warming triggers earlier pollen via,organic,,,,,,,
FOX59,"Serving central Indiana with breaking news, sports, weather, community information & more",Study: Global warming triggers earlier pollen season and higher pollen loads https://t.co/jCBHkZbx4o,Study Global warming triggers earlier pollen season and higher pollen loads,organic,,,,,,,
SolarFred,"Tor Valenza aka ""@SolarFred"" is a solar/storage communications thought leader and founder of solar marketing agency UnThink Solar. My Tweets belong to moi.","via @nytimes: Achoo! Climate Change Lengthening Pollen Season in U.S., Study Shows https://t.co/aYvBOy8uE9",via Achoo Climate Change Lengthening Pollen Season in U S Study Shows,organic,,,,,,,
TimMelino,"Renewable Energy Meteorologist, interested in the #environment, #weather and #climate.  Check out: https://t.co/EZIu1X2L6A & Facebook: https://t.co/Ridbeg0K3b",Pollen season grows 20 days in 30 years as #CLIMATE crisis hits hay fever sufferers https://t.co/8WLEzp5HaR #GPWX #GlobalWarming #climatechange,Pollen season grows days in years as CLIMATE crisis hits hay fever sufferers GPWX GlobalWarming climatechange,organic,,,,,,,
AmyXiaoshiD,@FOX40 Digital Producer 📰 Bylines: @sfchronicle @AsAmNews @azcentral @cronkitenews @BizJournalism 🌈 @Cronkite_ASU MMC 🌵,RT @FOX40: Nothing to sneeze at: Global warming triggers earlier pollen season https://t.co/btRJ42oCSB,FOX Nothing to sneeze at Global warming triggers earlier pollen season,retweet,,,,,,,
txcurt_,💯%Texan we don’t retreat we reload#2A,Very surprised dems aren’t blaming the high pollen count on climate change,Very surprised dems aren t blaming the high pollen count on climate change,organic,,,,,,,
cats2cats,Curiosity has yet to kill this cat. ;),"RT @nytimes: Climate change is responsible for longer pollen seasons in the U.S. and more pollen in the air, new research suggests. https:/…",Climate change is responsible for longer pollen seasons in the U S and more pollen in the air new research suggests,retweet,,,,,,,
ACAAI,"The American College of Allergy, Asthma & Immunology is a professional association dedicated to improving patient care through research, advocacy and education.",A new study shows global warming triggers an earlier pollen season. Consider starting your allergy meds now to combat symptoms. https://t.co/6tMpdvbSoz,A new study shows global warming triggers an earlier pollen season Consider starting your allergy meds now to combat symptoms,organic,,,,,,,
wttw,Chicago's PBS station,"Pollen season is starting 20 days earlier and pollen loads are 21% higher since 1990. A huge chunk of that is because of global warming, a new study finds.

https://t.co/XDuLyoD3ai",Pollen season is starting days earlier and pollen loads are higher since A huge chunk of that is because of global warming a new study finds,organic,,,,,,,
greenladiesc,Green Ladies is a group of Madison ladies who take pride in providing #ecofriendlycleaning that will make your home sparkle. #greencleaning #cleaningMadison,RT Treehugger “The strong link between warmer weather and pollen seasons provides a crystal-clear example of how climate change is already affecting peoples' health across the U.S.” https://t.co/HkehgzBEIl #ModernGreen,Treehugger The strong link between warmer weather and pollen seasons provides a crystal clear example of how climate change is already affecting peoples' health across the U S ModernGreen,organic,,,,,,,
MoEnvironment,"The Missouri Coalition for the Environment works to protect and restore the environment through education, public engagement, and legal action.","""Climate change has two broad effects, according to the study. First, it shifts pollen seasons earlier and lengthens their duration. Second, it increases the pollen concentrations in the air so pollen seasons are, on average, worse.""
Read more at https://t.co/qot5N3PbUt.",Climate change has two broad effects according to the study First it shifts pollen seasons earlier and lengthens their duration Second it increases the pollen concentrations in the air so pollen seasons are on average worse Read more at,organic,,,,,,,
MTherapy2021,"Make sure you follow us to be updated with all upcoming posts. Thank you!
#celebrity #business #news #update #howto #coronavirus #covid19 #trending #health",Climate change has ‘worsened’ North America’s pollen season https://t.co/2M9xyinJbj,Climate change has worsened North America s pollen season,organic,,,,,,,
Belizean_bz,I am a 31-year-old man from Orange Walk in Belize; my favourite film is: “All about Eve”. I tweet: English as a second language & Animal Defence.,@Kattavernd Climate change worsening pollen season KXAN: Climate change worsening pollen sea  https://t.co/uue6qQz5P5,Kattavernd Climate change worsening pollen season KXAN Climate change worsening pollen sea,reply,,,,,,,
NYTScience,"Science, Medicine, Environment, Space & Astronomy. Sign up for the Science Times email, in your inbox every Tuesday: https://nyti.ms/2EKZcNt","“This study shows climate change is now, and could affect the health of anybody with allergies or asthma” triggered by pollen. https://t.co/dMeFH8VKLB",This study shows climate change is now and could affect the health of anybody with allergies or asthma triggered by pollen,organic,,,,,,,
CoyoteGulch,Publisher of Coyote Gulch. Water issues junkie.,RT @NMClimate: Anthropogenic climate change is worsening North American pollen seasons. #health #allergies #pollen #climatechange  https://…,NMClimate Anthropogenic climate change is worsening North American pollen seasons health allergies pollen climatechange,retweet,,,,,,,
YECAction,We are coming together & taking action to overcome the climate crisis as part of our Christian discipleship & witness.,"""Climate change is already worsening pollen seasons...This is bad news for people with respiratory health problems."" #TimeToAct 

https://t.co/sxeqQFPl4g",Climate change is already worsening pollen seasons This is bad news for people with respiratory health problems TimeToAct,organic,,,,,,,
philosopherstew,"God is Peace Love Humility Grace Mercy, Faith in Symbiotic Ethics. Assume naught, to know aught. Ethical Political Symbiocracy, Symbioticrat therapy, VEGANISM",RT @Iconoclastttt: Pollen season grows 20 days in 30 years as climate crisis hits hay  fever sufferers.  https://t.co/A6JW3ANcba,Iconoclastttt Pollen season grows days in years as climate crisis hits hay fever sufferers,retweet,,,,,,,
Cooper4climate,Just a retired guy volunteering for a better world,Nothing to sneeze at: Global warming triggers earlier pollen https://t.co/DtcMSb4lAE via @rsvlcourier,Nothing to sneeze at Global warming triggers earlier pollen via,organic,,,,,,,
tbausESAIPower,COO at ESAI Power. SAAS Market Data CRO/COO.  Opinions are my own.,"I just found another reason to support #renewables Climate change is making allergy season much worse, impacting people with Asthma as well!  North American pollen seasons https://t.co/bhrtSsItxP",I just found another reason to support renewables Climate change is making allergy season much worse impacting people with Asthma as well North American pollen seasons,organic,,,,,,,
leafdoctor,"Smithsonian @NMNH director & paleobotanist. Works with artists to visualize extinct landscapes. [Pers/Prof account, opinions my own]",RT @VeraKorasidis: Hi! I’m a palynologist @Smithsonian @NMNH. I study the evolution of plants and climate using fossil pollen. I 😍🔬🌻! #Wome…,VeraKorasidis Hi I m a palynologist Smithsonian NMNH I study the evolution of plants and climate using fossil pollen I Wome,retweet,,,,,,,
EarthEmail,"https://t.co/v0o9ep3d1w is an environmental newsletter highlighting environmental causes and organizations. For each email you receive, we'll offset one pound of CO2.","Climate Change Lengthening Pollen Season in U.S., Study Shows https://t.co/ih2qkq37mW",Climate Change Lengthening Pollen Season in U S Study Shows,organic,,,,,,,
mellivora1,Lecturer in Environmental Science and Biology at Humboldt State University.,"Achoo! Climate Change Lengthening Pollen Season in U.S., Study Shows https://t.co/rGz3Mai2vB #envs108murphy",Achoo Climate Change Lengthening Pollen Season in U S Study Shows envs murphy,organic,,,,,,,
Tanujah_,brown sugar? more like salt 🥄 || #yardie 🇯🇲 || Ig: tanuuuja,RT @CNN: Climate change is making pollen season — and your allergies — worse https://t.co/JEvbxXFUQ3 https://t.co/526eWd3fzh,CNN Climate change is making pollen season and your allergies worse,retweet,,,,,,,
teriac,"No one is free until we are all free #HidradenitisSuppurativa she/her Hate bullies, cruelty, & capitalism 🧡","RT @tveitdal: Climate change is making pollen season — and your allergies — worse
https://t.co/QjGEZKsHkg",Climate change is making pollen season and your allergies worse,retweet,,,,,,,
DebraM56441027,NA,RT @2Smart2Concede: How climate change is making pollen season — and your allergies — worse - CNN https://t.co/gm3tMBSMVs,Smart Concede How climate change is making pollen season and your allergies worse CNN,retweet,,,,,,,
KelliStuart15,"Momma, RN, Fierce Dem - “We must never be afraid to make some noise and get into trouble, good trouble, necessary trouble” John Lewis #StayBLUEin2022 #EndtheGOP","RT @DrIanWeissman: Climate change is making pollen season — and your allergies — worse.
https://t.co/WBsAEaw2B2",DrIanWeissman Climate change is making pollen season and your allergies worse,retweet,,,,,,,
Lalaej,"Snitty Political strategist. Retired teacher, I ❤️reading, writing, & art. #wtpBLUE AB 🚫DMs! Resist🌊 🇺🇸TeamPelosi #DemVoice1 B","RT @sergeivote: BREAKING:

Pollen loads are 21% higher since 1990 and a huge chunk of that is because of global warming, 

#BLUEPATH 💯🇺🇸

#…",BREAKING Pollen loads are higher since and a huge chunk of that is because of global warming BLUEPATH,retweet,,,,,,,
geographile,I mostly retweet geography-related news and chat about geography. (okay with she/her or they/them),"RT @nytclimate: Climate change is finding even more ways to spread misery: more pollen in the air, for more of the year. https://t.co/XBSaL…",Climate change is finding even more ways to spread misery more pollen in the air for more of the year,retweet,,,,,,,
LynnAWiensMD,"Dr. Wiens is the leading provider of allergies, asthma, sinusitis, immunodeficiency and hives. Call 918-495-2636 to make an appointment!","““The strong link between warmer weather and pollen seasons provides a crystal-clear example of how climate change is already affecting people's health across the U.S.,” said study lead author William Anderegg, a biologist at the University of Utah.” –",The strong link between warmer weather and pollen seasons provides a crystal clear example of how climate change is already affecting people's health across the U S said study lead author William Anderegg a biologist at the University of Utah,reply,,,,,,,
NurseswthHeart,"Nurses With Heart Home Care offers quality, client focused in-home health care to Santa Fe, New Mexico, USA.",Plenty of Pollen: Climate Change Is Creating a Nightmare for Allergy Sufferers https://t.co/HRNvGu5H1M https://t.co/3l8H4LZO1o,Plenty of Pollen Climate Change Is Creating a Nightmare for Allergy Sufferers,organic,,,,,,,
FirearmsPB,"VLSI ckt designer, Astronomer, Professional Engineer,  07/02FFL, Pilot/Instrument/SEL, Open Water Diver, Teacher, Student - only 1 is a job","@DrTomFrieden No, behavior is just as negligible as vaccinations. Look at Iowa. The ramp up and ramp downs of inpatients is virtually identical everywhere. More likely a correlation to tree and flower pollen or some other biannual event related to climate. IA didn't figure it out b4 Thanksgiv",DrTomFrieden No behavior is just as negligible as vaccinations Look at Iowa The ramp up and ramp downs of inpatients is virtually identical everywhere More likely a correlation to tree and flower pollen or some other biannual event related to climate IA didn't figure it out b Thanksgiv,reply,,,,,,,
stephenmarek2,"Fungi, fungal biology, mycology, plant pathology, MPMI, entomopathogens, mushrooms, genomics, music, beer, life...any opinions are my own.","To fellow hayfever sufferers, it's not your imagination, allergy seasons are getting worse and humans are causing it.
Anthropogenic climate change is worsening North American pollen seasons https://t.co/iUBr2BoGFd",To fellow hayfever sufferers it's not your imagination allergy seasons are getting worse and humans are causing it Anthropogenic climate change is worsening North American pollen seasons,organic,,,,,,,
ManchesterMPH,The official twitter feed of The University of Manchester Postgraduate Courses in Public Health and Primary Care.,"Week 4 of Climate Change and Health is about species distribution, allergies and infectious diseases. Did you know that the pollen season in North America lasts longer than it did in 1980 and 50% of this change could be due to climate change?! https://t.co/GzCI0YhFrE @PNASNews",Week of Climate Change and Health is about species distribution allergies and infectious diseases Did you know that the pollen season in North America lasts longer than it did in and of this change could be due to climate change PNASNews,organic,,,,,,,
usgcrp,"Thirteen Federal agencies advancing the science of #climate and global change. #NCA4 vol II out now! Official account, U.S. Global Change Research Program.","Warming winters, earlier spring arrival, changes in precipitation, and higher carbon dioxide concentrations all can increase one's exposure to airborne pollen allergens: https://t.co/V2UdydZ9Vp #NCA4 #allergies #climatechange #health @NIEHS https://t.co/OIfs74Hjql",Warming winters earlier spring arrival changes in precipitation and higher carbon dioxide concentrations all can increase one's exposure to airborne pollen allergens NCA allergies climatechange health NIEHS,organic,,,,,,,
YaleClimateComm,"We conduct research on public climate change knowledge, attitudes, policy support & behavior. Posted events are not endorsements.","A new study from @UofUBiology has revealed that #pollen seasons begin earlier, last longer, and feature a more pollen than they did three decades ago due to warming temperatures: https://t.co/ndPneWVvYE via @SciTechDaily1 https://t.co/euP5cy2KQ9",A new study from UofUBiology has revealed that pollen seasons begin earlier last longer and feature a more pollen than they did three decades ago due to warming temperatures via SciTechDaily,organic,,,,,,,
bioengineerorg,"#Bioengineering, #Sciencenews","Allergy season starts earlier each year due to climate change and pollen transport https://t.co/0H0Jcays1t

#science #AtmosphericScience #ClimateChange #EcologyEnvironment #ImmunologyAllergiesAsthma #MedicineHealth #PlantSciences #PublicHealth https://t.co/ENuC043INx",Allergy season starts earlier each year due to climate change and pollen transport science AtmosphericScience ClimateChange EcologyEnvironment ImmunologyAllergiesAsthma MedicineHealth PlantSciences PublicHealth,organic,,,,,,,
CEHN,#ChildrenAtTheCenter Advocating for healthy environments for all children.,RT @Climate4Health: Learn more about the impacts of #climatechange on allergy season and pollen count in @AAFANational's Allergy Capitals r…,Climate Health Learn more about the impacts of climatechange on allergy season and pollen count in AAFANational's Allergy Capitals r,retweet,,,,,,,
CourtneyShadik,"PhD Candidate at Florida Tech. Palynology, limnology, and GIS.",RT @Lakemud1: Quick reminder #postdoc application deadline for #tropical #paleoecology in fossil #pollen and Amazonian interglacial climate…,Lakemud Quick reminder postdoc application deadline for tropical paleoecology in fossil pollen and Amazonian interglacial climate,retweet,,,,,,,
HealthDayTweets,"Welcome to HealthDay. We are the world's largest syndicator of health news, and an award-winning independent creator of evidence-based health content.","""In the long run -- with climate change and species distributions changing -- we have to account for 'new' pollen species being more frequently transported to us,"" said Ye Yuan of @TU_Muenchen.

@ColumbiaMed @FrontAllergy
https://t.co/i6xlK2eUzd",In the long run with climate change and species distributions changing we have to account for 'new' pollen species being more frequently transported to us said Ye Yuan of TU Muenchen ColumbiaMed FrontAllergy,organic,,,,,,,
DSMWcom,We are a fiscally conservative news and information website.,Climate Change Making Pollen Season Last Longer https://t.co/r7iTGqWDRM,Climate Change Making Pollen Season Last Longer,organic,,,,,,,
climatesolution,Accelerating clean energy solutions to the climate crisis.,"The climate crisis also has clear negative effects on human health. Increasing pollen levels, worsening wildfires, and longer heat waves all have implications for social determinants of health. 
--Dr. Erika Moseson, MD",The climate crisis also has clear negative effects on human health Increasing pollen levels worsening wildfires and longer heat waves all have implications for social determinants of health Dr Erika Moseson MD,reply,,,,,,,
usatodayopinion,Editorials and opinions from USA TODAY's editorial page.,"My patients feel the burden of global warming and longer growing seasons. Without better climate policies, how far from reality is year-round pollen? https://t.co/0lHCDNY0D6",My patients feel the burden of global warming and longer growing seasons Without better climate policies how far from reality is year round pollen,organic,,,,,,,
AShonkoff,"Art Therapist, Talk Therapist, Writer, words @NYTimes @WashingtonPost @Glamour","RT @NeeluTummala: Climate change impacts health- my piece in @usatodayopinion on warming and pollen allergies.

@VA_Clinicians @docsforclim…",NeeluTummala Climate change impacts health my piece in on warming and pollen allergies VA Clinicians,retweet,,,,,,,
Diagnostics_LR,"Molecular Diagnostics page covering topics such as virology, blood screening, genomics, oncology, microbiology, infectious disease and clinical chemistry.","Climate Change Tightens Its Grip on Hay Fever Sufferers | Warm weather arrives sooner, bringing with it more pollen: https://t.co/xJ0YjHyriE #ClimateCrisis #allergies https://t.co/eylXw8Bnwm",Climate Change Tightens Its Grip on Hay Fever Sufferers Warm weather arrives sooner bringing with it more pollen ClimateCrisis allergies,organic,,,,,,,
_valerieanne,I’m a dreamer 🕊,RT @KTVU: Feeling like your allergies have been getting worse the past few years? A new study suggests that climate change is making pollen…,KTVU Feeling like your allergies have been getting worse the past few years A new study suggests that climate change is making pollen,retweet,,,,,,,
FOX13News,"Bringing you the important stuff, like breaking news & weather alerts. But also plenty of fun stories, like sports updates and all those #WeLiveHere stories.",Feeling like your allergies have been getting worse the past few years? A new study suggests that climate change is making pollen seasons longer and more intense.​  https://t.co/fhmZCAa4mI,Feeling like your allergies have been getting worse the past few years A new study suggests that climate change is making pollen seasons longer and more intense,organic,,,,,,,
Monii4654,11/21/15💕 Pastry chef. ‘19👩🏽‍🍳🎓cash app $Monika85,RT @FOX4: Feeling like your allergies have been getting worse the past few years? A new study suggests that climate change is making pollen…,FOX Feeling like your allergies have been getting worse the past few years A new study suggests that climate change is making pollen,retweet,,,,,,,
byrd2_jr,"I'm a hardworking man running errands and feeling horny, I'm seeking new adventures and I love watching videos and al sorts. I have two phones.","RT @FOX2News: Pollen seasons in the US getting longer, more intense due to climate change, study finds https://t.co/j9V4iP6454 https://t.co…",FOX News Pollen seasons in the US getting longer more intense due to climate change study finds,retweet,,,,,,,
fox5dc,"We cover breaking news in Washington #DC, Maryland & Virginia. NEWS TIPS: 202-895-3000 or fox5tips@foxtv.com. Online: http://www.fox5dc.com. Facebook: FOX 5 DC","Pollen seasons in the US getting longer, more intense due to climate change, study finds https://t.co/FrMUJ5skFg",Pollen seasons in the US getting longer more intense due to climate change study finds,organic,,,,,,,
kesters2,Healthcare emergency preparedness manager & certified health education specialist residing at the intersection of weather and health. LSU alum x3 💜💛,"So very excited about @cdc Climate and Health program’s upcoming 3/31 webinar on the links between climate change, pollen, and public health. This piques my interest bc I’m interested in climate/weather and struggle with asthma during pollen seasons. Will post registration link:",So very excited about Climate and Health program s upcoming webinar on the links between climate change pollen and public health This piques my interest bc I m interested in climate weather and struggle with asthma during pollen seasons Will post registration link,organic,,,,,,,
LisaHuttoMD,"Lisa Hutto, MD of Palmetto Allergy & Asthma - the Midland's leading specialist in the treatment of nasal allergy, sinus disease and asthma conditions.","Looking back approximately three decades, pollen seasons now last on average 20 extra days in North America, and pollen concentrations have increased about 21% over the years—in part driven by anthropogenic global warming. https://t.co/EoRx40Kq6U",Looking back approximately three decades pollen seasons now last on average extra days in North America and pollen concentrations have increased about over the years in part driven by anthropogenic global warming,organic,,,,,,,
Darkario,just a fan of art and memes.,RT @oofRowdy: It’s always pollen season in the climate controlled greenhouse. https://t.co/oz7Evds0tb,oofRowdy It s always pollen season in the climate controlled greenhouse,retweet,,,,,,,
RadiantHealthPr,"Mark has been in search of radiant health, both in his own life and in his practice; viewing health and healing as a life long process or “path”",Pollen can raise your risk of COVID-19 – and the season is getting longer thanks to climate change https://t.co/Nvd9p6g2Qt via @ConversationUS,Pollen can raise your risk of COVID and the season is getting longer thanks to climate change via ConversationUS,organic,,,,,,,
KUER,"Local news, Utah stories and @RadioWest • 90.1 FM, NPR Utah","Over the last 30 years, allergy seasons across North America have gotten longer and more intense according to a new study led by @UUtah ecologist William Anderegg. Climate change has brought warmer temperatures, leading to an increase in pollen production. https://t.co/gD30oWZW4Y",Over the last years allergy seasons across North America have gotten longer and more intense according to a new study led by UUtah ecologist William Anderegg Climate change has brought warmer temperatures leading to an increase in pollen production,reply,,,,,,,
ISRreports,"Market research company specializing in clinical drug development, sales/marketing, #pharma services, outsourcing, and customer satisfaction","Look out for a double (triple?) whammy this #allergy season. Not only can pollen raise your risk of #covid19, but allergy season is lasting longer due to climate change. Bet you can guess what precaution scientists recommend—wear a #mask!
https://t.co/lYPz74qbr2",Look out for a double triple whammy this allergy season Not only can pollen raise your risk of covid but allergy season is lasting longer due to climate change Bet you can guess what precaution scientists recommend wear a mask,organic,,,,,,,
MattCrespi,Social scientist. Networks & healthcare researcher. CMU Corporate Startup Lab Co-Founder. Policy analyst/advisor. Enthusiast of graphs and sandwiches.,"@alixabeth @JennMJacksonPhD A warming climate increases pollen production in plants and extends the length of ""pollen season."" And in general, air pollutants can cause or exacerbate allergies.  If it feels like almost every year contains the new ""worst allergy season on record,"" that's about right.",JennMJacksonPhD A warming climate increases pollen production in plants and extends the length of pollen season And in general air pollutants can cause or exacerbate allergies If it feels like almost every year contains the new worst allergy season on record that's about right,reply,,,,,,,
CK__1009,KY 🐎 and Las Vegas ♠️♣️,"@LEX18News Hahahhahhahaha climate change.   It’s because we have been locked up in quarantine, masked up, and now that pollen is out, allergies are back",LEX News Hahahhahhahaha climate change It s because we have been locked up in quarantine masked up and now that pollen is out allergies are back,reply,,,,,,,
USGS,Science is only a tweet away. Tweets do not = endorsement: http://on.doi.gov/pgwu0Y,#Pollen does more than make you sneeze! USGS scientists use pollen to understand #climate change and have analyzed pollen as old as 440 million years. https://t.co/eJRbPIEM03 #Science #ClimateChange #Paleoclimate #Spring https://t.co/nbr2ym9RYN,Pollen does more than make you sneeze USGS scientists use pollen to understand climate change and have analyzed pollen as old as million years Science ClimateChange Paleoclimate Spring,organic,,,,,,,
DrYangoEugenio,"Care Center for Allergy & Asthma specializes in awareness, prevention of allergic, asthmatic & immunologic diseases for all ages","‼️ INFORMATION ‼️

Why is pollen season lasting longer?

As the climate changes, we’re seeing three things that relate specifically to pollen.

One is an earlier start to pollen season. Spring changes are starting earlier, and there are signals globally of exposure to.. https://t.co/aw5uk4cFsF",INFORMATION Why is pollen season lasting longer As the climate changes we re seeing three things that relate specifically to pollen One is an earlier start to pollen season Spring changes are starting earlier and there are signals globally of exposure to,organic,,,,,,,
WBFFAmy,"Certified Broadcast Meteorologist at WBFF, Baltimore",The recent rain brought us brief relief from the pollen but tree pollen will skyrocket today and tomorrow with warming temperatures. Join me on #Fox45 Morning news for your pollen outlook 🤧 #mdwx https://t.co/Ol93X4GPzS,The recent rain brought us brief relief from the pollen but tree pollen will skyrocket today and tomorrow with warming temperatures Join me on Fox Morning news for your pollen outlook mdwx,organic,,,,,,,
CelloMomOnCars,Climate-friendly cars that fit the planet and the budget - and the cello,"“Here we have a dynamic vegetation model that predicts – and displays on a map – the expected increase in pollen concentrations in a future climate,” Skjøth said.

https://t.co/BIYaoj7Yu6?",Here we have a dynamic vegetation model that predicts and displays on a map the expected increase in pollen concentrations in a future climate Skjth said,organic,,,,,,,
NCSE,Promoting and defending accurate and effective evolution and climate education.,"Climate change is projected to potentially increase the severity of the pollen season by more than half.

#ClimateChange #SciComm 

https://t.co/uYRHuQHA2z",Climate change is projected to potentially increase the severity of the pollen season by more than half ClimateChange SciComm,organic,,,,,,,
BillWadell,Dog Dad. Gluten Intolerant. Nature Lover. Multimedia Journalist with The AccuWeather Network ✈️🌩🌤🎤📹💻,"Rising temperatures and more precipitation = prime pollen conditions. 

Experts at @AAFANational say climate change has led to an earlier and longer #allergy season. 

MORE: @accuweather 2021 Spring Allergy Forecast: https://t.co/uyTr3j0ZVy https://t.co/LVZApDFFPx",Rising temperatures and more precipitation prime pollen conditions Experts at AAFANational say climate change has led to an earlier and longer allergy season MORE Spring Allergy Forecast,organic,,,,,,,
AAFANational,"Asthma and Allergy Foundation of America the oldest and largest nonprofit patient group fighting to save lives via advocacy, research, education and support.","RT @BillWadell: Rising temperatures and more precipitation = prime pollen conditions. 

Experts at @AAFANational say climate change has led…",BillWadell Rising temperatures and more precipitation prime pollen conditions Experts at AAFANational say climate change has led,retweet,,,,,,,
PublicHealthMap,"Empowering people with greater understanding about #PublicHealth, #Maps & everything in between. #PublicHealthMaps | #GIS | #EpiTwitter | #Education
🌍⚕️🗺️","RT @nehaorg: Climate change contributes to increased production of pollen and lengthened pollen seasons, which can worsen allergies and ast…",Climate change contributes to increased production of pollen and lengthened pollen seasons which can worsen allergies and ast,retweet,,,,,,,
OCPTnc,"Official Twitter account of OCPT and Orange County Commuter Options (OCCO). Serving Orange County, NC through fixed-route, on-demand services and more. 🚐🚍🚲💻",RT @Jenn_E_Weaver: Did you know that increased pollen loads are an effect of climate change already negatively impacting our health? @Hills…,Jenn E Weaver Did you know that increased pollen loads are an effect of climate change already negatively impacting our health Hills,retweet,,,,,,,
rubin_allergy,Pediatric Allergist | Clinical Immunologist | Hometown doc | Meme-maker | Now on TikTok! | #ThisIsOurShot ❤️,"3/Climate change is real and it’s really affecting our #allergies. As average 🌡rises, pollen counts rise as well. 

https://t.co/C3PVBZtkkF https://t.co/zmHBwOExIW",Climate change is real and it s really affecting our allergies As average rises pollen counts rise as well,reply,,,,,,,
HellyerConnie,"Science/Nature writer and member of Northwest Trek founding family. My WIP, ""Hey, Little Moose!,"" was a 2019 PNWA finalist.","@amtaudeo @nyccookies Hay fever? Masking seems a good idea in pollen season which, with global warming, is longer than ever.",Hay fever Masking seems a good idea in pollen season which with global warming is longer than ever,reply,,,,,,,
Vagrarian,Gay. Skeptic. Humanist. Social anxiety sufferer. Single & looking. Bookworm. Movie/theater nut. Music lover. Science booster. Liberal. Pacifist. And..gun owner?,"Got some bean soup in the crock pot, and some leftover pork roast warming for lunch. It's a sunny warm day, low pollen for a change, but rain is to come this afternoon.",Got some bean soup in the crock pot and some leftover pork roast warming for lunch It's a sunny warm day low pollen for a change but rain is to come this afternoon,organic,,,,,,,
KentonGewecke,"Chief Meteorologist @KOMUnews.
Let's talk weather, climate & life.
Optimistic realist.
My opinions here, folks.
IG: @KentonGewecke
NE➡️MO #Mizzou","RT @KOMUnews: Hear from Chief Meteorologist, @KentonGewecke and understand how climate change can affect the pollen count. Watch Show Me Cl…",KOMUnews Hear from Chief Meteorologist KentonGewecke and understand how climate change can affect the pollen count Watch Show Me Cl,retweet,,,,,,,
KOMUAlexis,Weekend Morning Weathercaster @KOMUNews | Mizzou Meteorology ‘21 | President of @mizzoumet | STL born and raised!,"As the rain exits, pollen can move around more freely. Tree allergies are expected to be high through the coming week.

Tonight at 10pm on @KOMUnews, @KentonGewecke talks about how climate change can impact pollen count. Tune in to learn more about these new studies. https://t.co/9vqZ7RqJnG",As the rain exits pollen can move around more freely Tree allergies are expected to be high through the coming week Tonight at pm on KOMUnews KentonGewecke talks about how climate change can impact pollen count Tune in to learn more about these new studies,organic,,,,,,,
VA_Clinicians,Clinician leaders advocating for climate solutions in Virginia. #ClimateChangesHealth,Are you curious how that thick layer of yellow pollen covering Virginia has to do with climate change and our health?  Join us for a webinar this Thursday at 12:30pm!  https://t.co/9pFKd6xS3F,Are you curious how that thick layer of yellow pollen covering Virginia has to do with climate change and our health Join us for a webinar this Thursday at pm,organic,,,,,,,
cinzzx,"dog mom to mavisthebasset on insta ||
she/her || cheen-tzee-uh",bad news is that allergies will only get worse due to climate change as trees produce more pollen (bc of more co2) AND become more allergenic 🥴,bad news is that allergies will only get worse due to climate change as trees produce more pollen bc of more co AND become more allergenic,organic,,,,,,,
potatostreams,"The King of Beatboxing™. Mother of Wooloos.

Profile picture by @kreeeger",RT @jameelajamil: Oh my god. Why not just also blame global warming while you’re at it? Or the pollen count that day? Whatever stopped that…,Oh my god Why not just also blame global warming while you re at it Or the pollen count that day Whatever stopped that,retweet,,,,,,,
JacquelynGill,Ice Age ecologist in a warming world. Associate Professor at @UMaine’s Climate Change Institute. Host of @ourwarmregards. #TeamMuskOx She/her 🏳️‍🌈,"3) Pollen is an amazing forensic tool, helping us to reconstruct not just crime scenes today (like in CSI or Bones), but to tell the stories of the planet’s ecosystems and civilizations in the past. And those stories provide clues to climate future. https://t.co/mgHGm26Y7R https://t.co/jtsHfyyAmB",Pollen is an amazing forensic tool helping us to reconstruct not just crime scenes today like in CSI or Bones but to tell the stories of the planet s ecosystems and civilizations in the past And those stories provide clues to climate future,reply,,,,,,,
aaah_home,“Our Mission is to Increase Homeownership and Economic Stability for African Americans and Other Underserved Individuals”,RT @Power2PDX: Climate Change --&gt; Increased Carbon Dioxide --&gt; Increased Pollen Count --&gt; Worsening Seasonal Allergies. Yet another example…,Power PDX Climate Change gt Increased Carbon Dioxide gt Increased Pollen Count gt Worsening Seasonal Allergies Yet another example,retweet,,,,,,,
MYarosewickWNDU,@WNDU Weekday Morning Meteorologist⛈❄️ | Meteorologist for @AgDayTV | Penn State Meteorology Alumni | #WEARE | Sports fanatic 🏒⚾️| Golfer⛳️ | Gone Fishin🎣,Allergies could remain an issue with elevated pollen levels through the weekend. Mostly dry and warming up after this chilly Thursday. We have some sprinkles possible over the weekend as the warm up happens! https://t.co/I4Sj5yA4lN,Allergies could remain an issue with elevated pollen levels through the weekend Mostly dry and warming up after this chilly Thursday We have some sprinkles possible over the weekend as the warm up happens,organic,,,,,,,
WNDU,"WNDU serves the Michiana area with the latest news, First Alert Weather forecasts and information on-air and online through 16 News Now.",RT @MYarosewickWNDU: Allergies could remain an issue with elevated pollen levels through the weekend. Mostly dry and warming up after this…,MYarosewickWNDU Allergies could remain an issue with elevated pollen levels through the weekend Mostly dry and warming up after this,retweet,,,,,,,
notagaincara,Frequent donator to the Merkins for Love charity to provide soul patches to bald biscuits,@Frankie16694022 Things are definitely blooming early this year (thank you global warming) I’m wondering if it’s the pollen,Frankie Things are definitely blooming early this year thank you global warming I m wondering if it s the pollen,reply,,,,,,,
HollyBerryyyy,Cornell ‘22 🐻,"Bad news for people with pollen allergies. 

The length and intensity of pollen seasons is increasing due to climate change. This leads to an increase is allergy risk, more symptoms, and more severe symptoms. 
https://t.co/wzUUgQccjV",Bad news for people with pollen allergies The length and intensity of pollen seasons is increasing due to climate change This leads to an increase is allergy risk more symptoms and more severe symptoms,organic,,,,,,,
CleanAirMoms_GA,Moms are working in Georgia to fight for clean air and a stable climate.,"If you live in Georgia you know It's real: Allergy risk is getting worse over time. The length and intensity of pollen seasons are growing, largely due to climate change.  #CutCO2  Moms #ClimateActionNow
https://t.co/30wetCRJvt",If you live in Georgia you know It's real Allergy risk is getting worse over time The length and intensity of pollen seasons are growing largely due to climate change CutCO Moms ClimateActionNow,organic,,,,,,,
schwiebe1,NA,RT @voxdotcom: Climate change is making the level of pollen in the air is getting much worse. And that’s bad news — whether you suffer from…,Climate change is making the level of pollen in the air is getting much worse And that s bad news whether you suffer from,retweet,,,,,,,
amelia_draper,NBC Washington. Emmy award winner. Penn State meteorology grad. From Frederick County MD,Pollen season is in full swing and as our climate continues to change allergy season is getting longer and more intense. Details here👇 https://t.co/8EwetpW7Ir,Pollen season is in full swing and as our climate continues to change allergy season is getting longer and more intense Details here,organic,,,,,,,
independentmail,"Breaking news, in-depth local coverage and watchdog reporting in Anderson, South Carolina. Part of the @USATODAY Network.","Here's a breakdown on how climate change is impacting the Upstate. Yes, that includes pollen and mosquitos:  https://t.co/KkVyOF1pKz",Here's a breakdown on how climate change is impacting the Upstate Yes that includes pollen and mosquitos,organic,,,,,,,
RadioKitty,"I make radio. Alum @NPR.  Do podcasts, film, essays & such. @NiemanFellow. Teach @Georgetown.  Emmy, The Civil War.","RT @laurence8645: @MollyJongFast Nothing to sneeze at: Global warming triggers earlier pollen

Across the United States and Canada, pollen…",MollyJongFast Nothing to sneeze at Global warming triggers earlier pollen Across the United States and Canada pollen,retweet,,,,,,,
CDCasthma,"Helping people with asthma live healthier lives by gaining control over their asthma. Teaching schools, health workers, & others about asthma and asthma control","RT @AAFANational: “Year over year, we’re finding climate change is a major factor in worsening symptoms for spring and fall pollen seasons,…",AAFANational Year over year we re finding climate change is a major factor in worsening symptoms for spring and fall pollen seasons,retweet,,,,,,,
TerryWBZ,"Emmy award winning Meteorologist & Executive Weather Producer for WBZ/CBS, Boston.  Lifelong Pats & Sox fan.","@SBarnacoat Not really, fairly typical season thus far...classic though, every year it seems people are saying ""this is the worst pollen season ever, or earliest season ever""...over the years and decades season has gotten earlier by a few days due to warming climate",SBarnacoat Not really fairly typical season thus far classic though every year it seems people are saying this is the worst pollen season ever or earliest season ever over the years and decades season has gotten earlier by a few days due to warming climate,reply,,,,,,,
ClimateRealityD,"We are the Durham, North Carolina chapter of The Climate Reality Project #leadonclimate 🌍 #climatechange🌍  #plantbasedeating 🌍 #renewables 🌍 #sustainability","You are not imagining it. Pollen season in North Carolina is indeed happening earlier and lasting longer. Those with asthma and allergies are suffering more. Climate change is happening now.
https://t.co/w2jhTIA0W9",You are not imagining it Pollen season in North Carolina is indeed happening earlier and lasting longer Those with asthma and allergies are suffering more Climate change is happening now,organic,,,,,,,
JSTOR_Daily,Online magazine that draws on scholarly research @JSTOR. Offers fresh insight into current affairs. Subscribe for free: http://daily.jstor.org/newsletter,"Spring is a time for blooms—and pollen. But how is climate change affecting the time of year when we see flowers open, and why does it matter? 🥀 🐝  🌸 🐝 https://t.co/kmLrLX4lZ1",Spring is a time for blooms and pollen But how is climate change affecting the time of year when we see flowers open and why does it matter,organic,,,,,,,
DukeCarpenter2,"Love my family, Love the outdoors, Love God, Love my country, Love to travel, Love animals, Love beaches and lakes, Love the Mountains, don't like fake people.",RT @aloverofblue: Too much rain in the East Too dry out West n oh wow pollen is so bad because of Climate change it’s all Gloom n Doom boug…,Too much rain in the East Too dry out West n oh wow pollen is so bad because of Climate change it s all Gloom n Doom boug,retweet,,,,,,,
clayjo1,NA,"RT @WorldWarZeroOrg: If you think this pollen season is bad, climate change will make it worse
https://t.co/MGgg7rrNky",WorldWarZeroOrg If you think this pollen season is bad climate change will make it worse,retweet,,,,,,,
Rusty0327,NA,@WTOP Is this a Fauci study? I'm sure there's science involved. Dude rolled his car and died after he sneezed and lost control of his car due to pollen. There you go . . . global warming's fault.,WTOP Is this a Fauci study I'm sure there's science involved Dude rolled his car and died after he sneezed and lost control of his car due to pollen There you go global warming's fault,reply,,,,,,,
MMU_MSARC,"Manchester School of Art Research Centre, Manchester Metropolitan University","Our last MSARC Online Lecture for this academic year is Nudism in a Cold Climate by Dr Annebella Pollen, Brighton University

9 June 2021, 4-5.30pm

You can register for the lecture through Eventbrite.
https://t.co/RebW2fh1Ye",Our last MSARC Online Lecture for this academic year is Nudism in a Cold Climate by Dr Annebella Pollen Brighton University June pm You can register for the lecture through Eventbrite,organic,,,,,,,
katherinembaker,"MS Human Nutrition, MPH Environmental Health Science. PhD nutrition student. Dog mom.","RT @BaccarelliAA: For allergy sufferers, climate change is already impacting daily lives, as pollen seasons worsen. Great insight from Lewi…",BaccarelliAA For allergy sufferers climate change is already impacting daily lives as pollen seasons worsen Great insight from Lewi,retweet,,,,,,,
Eco1stArt,"Featuring the most stunning eco friendly items on the planet: fine art, furniture, jewelry & apparel.Connecting ecological & innovative artists worldwide.","RT @DIEBO37: Due To Climate Change The #Pollen Season Is Lasting Longer And Starting Earlier Than Ever Before
#Allergy #ClimateAction #Publ…",DIEBO Due To Climate Change The Pollen Season Is Lasting Longer And Starting Earlier Than Ever Before Allergy ClimateAction Publ,retweet,,,,,,,
louiegilot,Director @newmarkjplus @newmarkjschool; alumna @knightfdn ; journalist. Curating @OldFrenchCrime Occasionally posting about my climate classes @PennLPSonline,"In my climate change class at Penn this semester, I learned what a paleoclimatologist does: She studies past climates through proxies like ice cores, fossils, pollen in sediment, tree rings, corrals and historical data like farming ledgers and ships’ logs. https://t.co/5YoD8EIvwN",In my climate change class at Penn this semester I learned what a paleoclimatologist does She studies past climates through proxies like ice cores fossils pollen in sediment tree rings corrals and historical data like farming ledgers and ships logs,organic,,,,,,,
EcoSocYogi,she/her #EcoSocialist #GND #Vegan #IndigenousRights #AbolishPolice #M4A #DSA #CaliforniaNativeGarden #Solidarity #AntiFascist Born @ 329.62ppm,@imsobrandumb Global warming - plants are producing epic amounts of pollen.,Global warming plants are producing epic amounts of pollen,reply,,,,,,,
medjournalist,Internal Medicine| journalist | health informatics | policy | editor |  founder,RT @StanfordHealth: Bay Area #allergy sufferers take note: Climate change has lengthened the local pollen and mold season by eight to nine…,StanfordHealth Bay Area allergy sufferers take note Climate change has lengthened the local pollen and mold season by eight to nine,retweet,,,,,,,
AnnLorainePhD,"Computer scientist, plant biologist, gardener, techno fan, bike rider",RT @SleepySaph: @SarahTaber_bww I didn't know that pollen could be there heat sensitive... Does that mean climate change could wipe out the…,SleepySaph SarahTaber bww I didn't know that pollen could be there heat sensitive Does that mean climate change could wipe out the,retweet,,,,,,,
HaleyBouleyWX,Morning Meteorologist: @WVNYWFFF  Lyndon State College (@NVU_Lyndon) Atmospheric Science Alumna #NotAWeatherGirl⚡️❄️☔️,"RT @WVNYWFFF: The Two Degree Difference: Climate change leading to longer, more intense pollen seasons https://t.co/v0QkbvhTCp",WVNYWFFF The Two Degree Difference Climate change leading to longer more intense pollen seasons,retweet,,,,,,,
SummerHartxxx,"18+ ONLY. She/They. Bi. Polyam. Indie performer. Streamer, producer, adult talent. Welcome to the p*rn, rage posting, & SW rights content page no one asked for.","I was listening to the science podcast Short Wave today, and they were talking about how pollen is increasing bc of global warming. My allergies are worse than ever, and have been for the last 2 years. When I moved here, I had almost none.",I was listening to the science podcast Short Wave today and they were talking about how pollen is increasing bc of global warming My allergies are worse than ever and have been for the last years When I moved here I had almost none,organic,,,,,,,
AbraFoothills,"Against Bigotry, Responding with Action (ABRA).  Community action in #SunlandTujunga; rallies in Los Angeles and beyond. #blacklivesmatter. #peoplesbudgetLA","How are you? Anyone getting a wave of pollen allergies? Anyone else filled with deep existential angst about climate change (and far less importantly, the eventual heat death of the universe)?",How are you Anyone getting a wave of pollen allergies Anyone else filled with deep existential angst about climate change and far less importantly the eventual heat death of the universe,organic,,,,,,,
humanOS_me,"Personal health mastery
https://linktr.ee/humanOS.me","Climate change is lengthening the allergy season.

Local temperature increases have lengthened the pollen and mold season in the San Francisco Bay Area by 8-9 weeks per year over the past two decades.

https://t.co/dHo8KrU4Bk https://t.co/foMzhv1txo",Climate change is lengthening the allergy season Local temperature increases have lengthened the pollen and mold season in the San Francisco Bay Area by weeks per year over the past two decades,organic,,,,,,,
ElanTheCat,"(he/him) Bio (バイオ, Baio?), also known as Virus, is a recurring Black Magic spell from the Final Fantasy series. It usually deals Poison-elemental damage.","RT @lauralexx: The year is 2021: there’s rampant global warming, a pandemic, several wars raging and a very high pollen count. Gangs of ang…",The year is there s rampant global warming a pandemic several wars raging and a very high pollen count Gangs of ang,retweet,,,,,,,
cinzzx,"dog mom to mavisthebasset on insta ||
she/her || cheen-tzee-uh",@ccarollllll @surlybassey pollen is also becoming more allergenic as our climate changes :/,pollen is also becoming more allergenic as our climate changes,reply,,,,,,,
jonpryor,"http://Xamarin.Android Technical Lead. ""Like""s are for my later reading and follow up. Retweet's are ""interesting,"" not endorsements.","RT @SarahTaber_bww: Yes there have been changes in pollen abundance over time!

And it's because of CLIMATE CHANGE.

h/t to the @hankgreen…",SarahTaber bww Yes there have been changes in pollen abundance over time And it's because of CLIMATE CHANGE h t to the,retweet,,,,,,,
Worthless_Bums,"He/him. Black Lives Matter. Steam Marines 2 alpha available now! http://worthlessbums.itch.io/steam-marines-2

Also working on #Hammergrind","""pollen seasons are becoming more intense and longer due to climate change""

me, not at all cynical: ""well not if all the flora burns down""",pollen seasons are becoming more intense and longer due to climate change me not at all cynical well not if all the flora burns down,organic,,,,,,,
BreathDaily,DailyBreath is a cloud based SAAS company delivering personalized environmental insights for better asthma outcomes.,"Climate change leads to longer pollen seasons, more allergies - Contemporary Pediatrics - https://t.co/5Ah9RtNzNo #GoogleAlerts Track Your Symptoms - Determine your sensitivity to tree, grass, or weed pollen as well as mold.  Download DailyBreath via the App Store or Google Play",Climate change leads to longer pollen seasons more allergies Contemporary Pediatrics GoogleAlerts Track Your Symptoms Determine your sensitivity to tree grass or weed pollen as well as mold Download DailyBreath via the App Store or Google Play,organic,,,,,,,
pianobug,"#StreamOfConsciousness #TBI, politics, environment, arts - not necessarily in that order. I'm done with the NHL.  Hockey culture is toxic.","The # of fall days above normal is⬆️for numerous cities across the country due to climate change, like #Jacksonville below. 

Warmer fall days mean running A/Cs longer⬆️energy costs/greenhouse gas emissions, more heat illness, longer mosquito/pollen seasons, &amp; other impacts. https://t.co/oGkm8Burb2",The of fall days above normal is for numerous cities across the country due to climate change like Jacksonville below Warmer fall days mean running A Cs longer energy costs greenhouse gas emissions more heat illness longer mosquito pollen seasons amp other impacts,organic,,,,,,,
rbclimatecontrl,"R&B Climate Control is a local family-owned HVAC company in Fort Mill, SC.  We fix it right the first time!","Indoor air quality is affected by pollen, dust, pet dander &amp; more. If you have someone in your home who suffers from allergies or asthma, poor indoor air quality is likely making things worse. R&amp;B Climate Control Systems can help improve your home's IAQ. https://t.co/WY6DSzfmot https://t.co/0AWekFt4H1",Indoor air quality is affected by pollen dust pet dander amp more If you have someone in your home who suffers from allergies or asthma poor indoor air quality is likely making things worse R amp B Climate Control Systems can help improve your home's IAQ,organic,,,,,,,
AetherMed_Tech,"AetherMed, is committed to producing technology to permit the safe and continued socialization of peoples while ending the vitality of respiratory pathogens.",RT @BreathDaily: Global warming is making ragweed pollen season worse - Yale Climate Connections - https://t.co/ak8Kug4KYk #GoogleAlerts Tr…,BreathDaily Global warming is making ragweed pollen season worse Yale Climate Connections GoogleAlerts Tr,retweet,,,,,,,
MartyRLucas,"Truth, beauty, functionality, simplicity - lawyer, naturalist and musician. Views strictly my own, and to promote reasoned and civil discussion.","@impendingmeteor @nhprman @jcalv5 @USAFacts tbh I was trying distance myself from the plots - I have a background in archaeology so am aware that climate always changes, and those changes often bring down civilizations. Here's a link about pollen and paleoclimate: https://t.co/kMFZfpCFum",USAFacts tbh I was trying distance myself from the plots I have a background in archaeology so am aware that climate always changes and those changes often bring down civilizations Here's a link about pollen and paleoclimate,reply,,,,,,,
rjber15,Question authority. Trust yourself.,RT @sarahkaplan48: Climate change hurts humans in countless insidious ways: fungi are becoming better adapted to infect us; pollen counts a…,Climate change hurts humans in countless insidious ways fungi are becoming better adapted to infect us pollen counts a,retweet,,,,,,,
IGESnews,"Trusted leader in Earth & space science education, communication & outreach, and in fostering national & international cooperation in global Earth observations.",Hope you will join us on December 1st at 11:30 EST to learn more about the climate-pollen link.,Hope you will join us on December st at EST to learn more about the climate pollen link,organic,,,,,,,
ClemsonTigers68,"Assistant greens keeper at the local putt putt course. Voted most likely to succeed in high school but I showed them. Clemson, Dallas Cowboys and the Braves",Reading notes (skipping around because I can see why Biden fell asleep) from the climate conference I had no idea how quickly the honey bee population is disappearing. Eight states no longer have bumblebees at all. This is how extinction works. No pollen is not good news for us.,Reading notes skipping around because I can see why Biden fell asleep from the climate conference I had no idea how quickly the honey bee population is disappearing Eight states no longer have bumblebees at all This is how extinction works No pollen is not good news for us,organic,,,,,,,
BrooksWeather,"M-F Evening Meteorologist ⚡️Orlando @FOX35StormTeam. Watch me weekdays 5p, 6, 8, 10, 11p and on @FOXweather. Dual Cert: AMS Seal #1702 & NWA Seal. Dad, Husband.","RT @fox35stormteam: Along with our warming weather over the next few weeks with 80s ahead, we're looking the emergence of pollen! Our typic…",Along with our warming weather over the next few weeks with s ahead we're looking the emergence of pollen Our typic,retweet,,,,,,,
lifelongsailor,"21 yr Navy Veteran. Member of Combat Veterans Motorcycle Association (20-2). Don’t care who you voted for, they’re all corrupt. Pronouns are dumb","@stopsilencing2 Yes!  Myocarditis is caused by a massive amount of oak pollen, heated up to a billion degrees (global warming) and filtered through the latest COVID variant, that lives only in your left nostril.",Yes Myocarditis is caused by a massive amount of oak pollen heated up to a billion degrees global warming and filtered through the latest COVID variant that lives only in your left nostril,reply,,,,,,,
ChikageWeather,@CBSAustin Chief Meteorologist | Mom | Marathoner |  http://bit.ly/cbsaustinchikage | http://bit.ly/cbsaustin,"On the last day of fall, my true love gave to me…some pollen in a cedar tree. (The cedar count was moderate on Monday, but get ready for it to climb this Christmas week.) Winter arrives at 9:59 am along with a warming trend. 60° on Monday was only ou… https://t.co/s3AFnIpXVx https://t.co/lCdxugOiBI",On the last day of fall my true love gave to me some pollen in a cedar tree The cedar count was moderate on Monday but get ready for it to climb this Christmas week Winter arrives at am along with a warming trend on Monday was only ou,organic,,,,,,,
DesertResistor,#MeToo #RedForEd #LGBTQ+ally #MS #BLM #Progressive ♿🌈🌵 #WashYourHands #StayTheFuckHome #WearAMask 😷 #RealityWinnerIsAHero 🎃   #GenX #FullyVaccinated,"RT @aleshadalin: Your nose will do more running than you ever will!

Climate change means increased pollen and molds. That means worse alle…",Your nose will do more running than you ever will Climate change means increased pollen and molds That means worse alle,retweet,,,,,,,
BreathDaily,The DailyBreath asthma app identifies triggers to develop a personalized daily asthma forecast to avoid potentially preventable asthma attacks.,Seasonal allergies getting worse? Study says climate change could be why https://t.co/KxdSZBPMkb The spring allergy season is on the horizon and it starts earlier and pollen is increasing. Track symptoms to identify your triggers to avoid potentially preventable #asthma attacks.,Seasonal allergies getting worse Study says climate change could be why The spring allergy season is on the horizon and it starts earlier and pollen is increasing Track symptoms to identify your triggers to avoid potentially preventable asthma attacks,organic,,,,,,,
8NewsNow,LIVE. LOCAL. NOW. CBS affiliate in Las Vegas #8NN #LVtraffic #WeatherNow #ITEAM #LVNow #Sports8 #Breaking,"ALLERGIES: Are your seasonal allergies getting worse? A recent study shows climate change is causing more pollen #8NN
https://t.co/10XQRPHqJ5",ALLERGIES Are your seasonal allergies getting worse A recent study shows climate change is causing more pollen NN,organic,,,,,,,
GrantWTSP,Living in a house full of Gilmore Girls | 10 Tampa Bay On-Air Meteorologist | AMS Certified | Emmy Award Winning | UNC Asheville Grad | Michigan Faithful.,"Climate change driving longer, more intense pollen season. Allergy sufferers, you've been warned. 🤧https://t.co/4cU18kx2DZ #ClimateChange #OurChangingClimate #10Weather @10TampaBay",Climate change driving longer more intense pollen season Allergy sufferers you've been warned ClimateChange OurChangingClimate Weather TampaBay,organic,,,,,,,
CarolHa64978304,"single disabled old girl who loves to read,amusement parks and family","RT @tordotcom: In a future climate apocalypse, deadly pollen has rendered the air unbreathable — Humanity has rebuilt, but there are new th…",In a future climate apocalypse deadly pollen has rendered the air unbreathable Humanity has rebuilt but there are new th,retweet,,,,,,,
chrisreicherttx,"Devils fan, Stars STH, cat junkie, TX Music fan, P1, novice gardener, and I love to cook. Life is good in Texas!","I see these infomercials for whole home air purification that’s guaranteed to remove 100% of pollen and dust. I don’t think so. Dry dusty climate, pollen all year round, and 3 cats? No way it can work!",I see these infomercials for whole home air purification that s guaranteed to remove of pollen and dust I don t think so Dry dusty climate pollen all year round and cats No way it can work,organic,,,,,,,
missemiliejolie,"Parisienne turned Californian turned Floridan 🥐☀️🍊
Find me where the wild things are 🦒🦓🦒🦓",RT @orlandosentinel: Climate change to make pollen season nastier https://t.co/3s6Lfmm8BA https://t.co/vikylD1WVW,Climate change to make pollen season nastier,retweet,,,,,,,
Local3Thunder,The Tennessee Valley's first mobile Storm Alert Center.,"GET READY: Future allergy seasons will start more than a month earlier and be far more intense because of the climate crisis, new research shows. Annual pollen counts could climb by up to 250%.
 https://t.co/Jjv4ba9H4g",GET READY Future allergy seasons will start more than a month earlier and be far more intense because of the climate crisis new research shows Annual pollen counts could climb by up to,organic,,,,,,,
EvansDonnell,"Father; Husband; Writer; Actor (SAG-AFTRA and AEA), Former Newspaper Arts Critic, News Reporter and Sports Reporter; Retweets are not necessarily endorsements!",The Big Sneeze: Climate change to make pollen season nastier (from @AP) https://t.co/EJWmnXju9j,The Big Sneeze Climate change to make pollen season nastier from AP,organic,,,,,,,
nypost,"Breaking news & features from The New York Post. Follow your favorite sections: @pagesix, @nypmetro, @nypostbiz, @nypostsports, @nypfashion, @nypostopinion",The Big Sneeze: Climate change to make pollen season nastier https://t.co/Fxsptk054l https://t.co/L6j7Vdeyvg,The Big Sneeze Climate change to make pollen season nastier,organic,,,,,,,
OneVoice1111,"#IStandWithUkraine
#VotingRights #GunReform #HumanRights #BLM #LGBTQ  #Resistance                    @glennkirschner2 @funder","Pollen Counts Rising Due to Climate Crisis 
#ClimateCrisis
https://t.co/svKvf0FCte",Pollen Counts Rising Due to Climate Crisis ClimateCrisis,organic,,,,,,,
DrinkUrAgua,It’s that Splaaa,"RT @ajplus: The climate crisis could make U.S. pollen season 40% worse by 2100, says a new study.

Researchers say pollen season could last…",The climate crisis could make U S pollen season worse by says a new study Researchers say pollen season could last,retweet,,,,,,,
CPCA,Representing community health centers who serve 1 in 5 Californians. #CHCs4CA #ValueCHCs,"Did you start sneezing earlier this year? 🤧 A new study has found that climate change is causing allergy season to start earlier and end later, and pollen levels are increasing as the planet warms. #ClimateChange #SeasonalAllergies #Asthma

https://t.co/1QAMA2wshV",Did you start sneezing earlier this year A new study has found that climate change is causing allergy season to start earlier and end later and pollen levels are increasing as the planet warms ClimateChange SeasonalAllergies Asthma,organic,,,,,,,
e_newsUS,All Latest News From USA - No Ads,"Pollen season could be longer, more intense, as climate changes, study finds - https://t.co/FiErGM7W5L temporary covers https://t.co/Bn9IBaC7CG - https://t.co/WBPT0QHZ83",Pollen season could be longer more intense as climate changes study finds temporary covers,organic,,,,,,,
Me73561411,Trumper!  Cult member of 45!😍. Italian🇮🇹!  Airforce Mother!❤.  Hate Hate Backstabbers! Many near me.  GTFO!✈✈✈ CATHOLIC!! Spolied !😌😌,"RT @7News: The Big Sneeze: Climate change to make pollen season nastier
https://t.co/iSFtFVUHfg",News The Big Sneeze Climate change to make pollen season nastier,retweet,,,,,,,
D80s,🗽🐶🏖🛶🌊☮,"RT @saragmiller: Pollen season could be longer, more intense, as climate changes, study finds -- by @kaitsulliva  https://t.co/TDZvdngaLy",Pollen season could be longer more intense as climate changes study finds by,retweet,,,,,,,
NBCNewYork,Get breaking news and Storm Team 4 weather updates. Plus stories from New York's biggest investigative unit. News tip or question? tips@nbcnewyork.com,"Allergists say that pollen season in the U.S. used to start around St. Patrick’s Day, but now often starts around Valentine’s Day as climate change has already made allergy season longer and pollen counts higher
https://t.co/GuNDdxO63a",Allergists say that pollen season in the U S used to start around St Patrick s Day but now often starts around Valentine s Day as climate change has already made allergy season longer and pollen counts higher,organic,,,,,,,
TALK1370,"The Right Choice. Austin breaking news, weather & talk. 1370AM, 95.5 HD2 & @audacy. Tell your smart speaker to ""Play Talk 1370"". Story ideas: news@talk1370.com",UPDATE: The Big Sneeze: Climate change to make pollen season nastier https://t.co/fxJlB5wtdC,UPDATE The Big Sneeze Climate change to make pollen season nastier,organic,,,,,,,
gridpointwx,Global Point Forecasting System,"#CLIMATE change to make pollen season longer and nastier, study says https://t.co/jYjAV36bSg  #GlobalWarming #climatechange",CLIMATE change to make pollen season longer and nastier study says GlobalWarming climatechange,organic,,,,,,,
Christo21251914,"My name is Christopher, I enjoy Action, Crime, Drama, War, Western, Horror and Comedy movies and enjoy Hard Rock, Grunge, Heavy Metal, Classic Rock and Country.",RT @BostonGlobe: Climate change to make pollen season nastier https://t.co/yCRsxdxmhe,BostonGlobe Climate change to make pollen season nastier,retweet,,,,,,,
LifeboatVC,Lifeboat Ventures is a venture capital fund that creates Disaster Impact Mitigation startups using the Venture Studio Model. We welcome you to contact us.,"Climate change has extended the duration and severity of allergy season. As excess greenhouse gases in the atmosphere lead to rising  global temperatures, plants are producing more pollen. Pollen emissions in the U.S. are expected to rise by as much as 40% in the next decades.",Climate change has extended the duration and severity of allergy season As excess greenhouse gases in the atmosphere lead to rising global temperatures plants are producing more pollen Pollen emissions in the U S are expected to rise by as much as in the next decades,organic,,,,,,,
TheresaCrimmins,Director of USA National #Phenology Network (@USANPN) | Research Prof @UASNRE | Mom | #citizenscience | @OpEd #PublicVoices Fellow | @NEON_sci Ambassador,Pollen season is getting longer and more intense with climate change – here's what allergy sufferers can expect in the future https://t.co/rHju1ACCo2 via @ConversationUS,Pollen season is getting longer and more intense with climate change here's what allergy sufferers can expect in the future via ConversationUS,organic,,,,,,,
glamama,"passionate ab family, health, humanity, sun, sand'n'surf, clean water/food, natural hair, twitter activism, world weather & news, God & green earth",RT @11AliveNews: The Big Sneeze: Climate change to make pollen season nastier https://t.co/gxhBnQrNuR,AliveNews The Big Sneeze Climate change to make pollen season nastier,retweet,,,,,,,
WTHRcom,"Thanks for visiting WTHR-TV, the NBC television affiliate in Indianapolis, Indiana.","Climate change has already made allergy season longer and pollen counts higher, but you ain’t sneezed nothing yet.

https://t.co/FlcRqob0Ll",Climate change has already made allergy season longer and pollen counts higher but you ain t sneezed nothing yet,organic,,,,,,,
WOLFwisdom58,"Joyful human. RN   We can do no great things, only small things with great love.  Mother Theresa   #OVHealthcare #ONEV1 z31 #OVTTDS # META    ❌lists","RT @fiona_webster22: Brace yourselves, allergy sufferers! Pollen season's gonna get a lot longer &amp; more intense w/ climate change.

Study b…",Brace yourselves allergy sufferers Pollen season's gonna get a lot longer amp more intense w climate change Study b,retweet,,,,,,,
KSALYERS259,"MEMORIAL PAGE FOR PAT BOWLEN, This one is for Pat!",RT @9NEWS: The Big Sneeze: Climate change to make pollen season nastier https://t.co/mJhu79f91S,NEWS The Big Sneeze Climate change to make pollen season nastier,retweet,,,,,,,
ForestsUrban,Grassroots organization promoting tree protection and urban forests,RT @TheresaCrimmins: Pollen season is getting longer and more intense with climate change – here's what allergy sufferers can expect in the…,TheresaCrimmins Pollen season is getting longer and more intense with climate change here's what allergy sufferers can expect in the,retweet,,,,,,,
Pheqes,High class scum that enjoys good characters and stories. I also really like photographing bees 🐝 | no longer doing esports.,"Pollen in Vegas is surprisingly rough. I thought my allergy issues would go away when I moved from a humid climate to an arid one.

They still suck.",Pollen in Vegas is surprisingly rough I thought my allergy issues would go away when I moved from a humid climate to an arid one They still suck,organic,,,,,,,
jennyriffic,"Part-Time Actor, Full-Time Wife/Mommy, MLIS Grad Student, Believer, and Bruin!",I knew it wasn’t just me. #allergies The Big Sneeze: Climate change to make pollen season nastier | AP News https://t.co/ekuEvIM9kN,I knew it wasn t just me allergies The Big Sneeze Climate change to make pollen season nastier AP News,organic,,,,,,,
valeriecaldw,Experienced Realtor since 1985!! Full time and enjoys working with buyers and sellers. Proven excellence as a top producer!!,"The Big Sneeze: Climate change to make pollen season nastier, study says https://t.co/lyrahCCUMV via @rtdnews",The Big Sneeze Climate change to make pollen season nastier study says via,organic,,,,,,,
SpecNews1Triad,Spectrum News 1 is a 24-hour local news channel exclusively available to Spectrum customers in North Carolina.,Climate scientists say a warmer world is to blame for more airborne pollen. https://t.co/BaWDbiLlrt,Climate scientists say a warmer world is to blame for more airborne pollen,organic,,,,,,,
TheCCFP,"Montgomery, Alabama's Premier Online Magazine - now in blog form",Pollen season is getting longer and more intense with climate change – here’s what allergy sufferers can expect in the future https://t.co/MNaua5AZH6,Pollen season is getting longer and more intense with climate change here s what allergy sufferers can expect in the future,organic,,,,,,,
dorobuk,"storyteller, science clubs with kids, she/her, CO2 311.8 ppm in my birth year","RT @great_thunberg: Pollen Season Intensifying Due To Climate Change: What Can Allergy Sufferers Do?

https://t.co/lJWsVnDLOs",Pollen Season Intensifying Due To Climate Change What Can Allergy Sufferers Do,retweet,,,,,,,
NurseswthHeart,"Nurses With Heart Home Care offers quality, client focused in-home health care to Santa Fe, New Mexico, USA.",Pollen projections: Climate Change Is Making Allergy Season Even Worse https://t.co/dS3BG9zZ5m https://t.co/M5dPUQ2IPg,Pollen projections Climate Change Is Making Allergy Season Even Worse,organic,,,,,,,
RealKeithGaby,"AVP Comms, Climate/Health/Politics at EDF&EDF Action. Campaign staff, SECDEF speechwriter, dad, husband of @trulyingrid. Views are mine. This Town to The Town.","""Across the country, pollen season is starting earlier and intensifying because of rising global temperatures and carbon dioxide concentrations.""

Climate pollution is making you miserable.  https://t.co/r9yq7qHb1P",Across the country pollen season is starting earlier and intensifying because of rising global temperatures and carbon dioxide concentrations Climate pollution is making you miserable,organic,,,,,,,
CNKDSSRS4,"I stand with Ukraine 🇺🇦! Mother, liberal, political junky, lover of our planet earth",Climate change is making pollen season even worse across the country https://t.co/hIq6L13iEI,Climate change is making pollen season even worse across the country,organic,,,,,,,
gevalien,"I am a lover of life, laughter, books and the impending paradigm shift. We are only limited by our imaginations.",Climate change is making pollen season even worse across the country - The Washington Post - And I can feel it! #allergyseasonisyearlongnow https://t.co/QzPEnGTs1B,Climate change is making pollen season even worse across the country The Washington Post And I can feel it allergyseasonisyearlongnow,organic,,,,,,,
TimMelino,"Renewable Energy Meteorologist, interested in the #environment, #weather and #climate.  Check out: https://t.co/EZIu1X2L6A & Facebook: https://t.co/Ridbeg0K3b",#CLIMATE change is making pollen season even worse across the country https://t.co/R3pvyD8uGJ #GPWX #GlobalWarming #climatechange,CLIMATE change is making pollen season even worse across the country GPWX GlobalWarming climatechange,organic,,,,,,,
ChicagoMikeSD,"Nick or I will tweet emergency info during a disaster. I'm a Democrat. Loves politics, sports & music. Created the word's: Liberaltarian & Magabro.","RT @capitalweather: Pollen season is worsening in the U.S. because of climate change. Over the past 30 years, the season extended by 20 day…",Pollen season is worsening in the U S because of climate change Over the past years the season extended by day,retweet,,,,,,,
thegreenpagesBC,Tracking sustainability trends & issues that affect #BC. Most interested in: #smartcities #sustainablecities #smartdesign #sustainablefood #localfood,RT @VCHResearch: A new analysis suggests that longer &amp; more prolific pollen seasons will aggravate allergies due to changing climate: https…,VCHResearch A new analysis suggests that longer amp more prolific pollen seasons will aggravate allergies due to changing climate,retweet,,,,,,,
ouwxschargo,Interim Director for @kyclimate @kymesonet | Interim State Climatologist | @cocorahs KY State Co-Coordinator | @UofOklahoma @wku alumnus. Opinions are my own.,"RT @DrMitchem: The Washington Post: Climate change is making pollen season even worse across the country.
https://t.co/73YuX2jWhj

via @Goo…",DrMitchem The Washington Post Climate change is making pollen season even worse across the country via Goo,retweet,,,,,,,
_chasepharmacy,"Your hometown pharmacy who specializes in personal care
Prescription Refills, Text Notifications, Vitamins & More!
Resources at the Link!","Climate change is prompting longer pollen seasons and higher pollen counts, which spells trouble for people with seasonal allergies, allergists warn. https://t.co/wxQquykUhX",Climate change is prompting longer pollen seasons and higher pollen counts which spells trouble for people with seasonal allergies allergists warn,organic,,,,,,,
pianobug,"#StreamOfConsciousness #TBI, politics, environment, arts - not necessarily in that order. I'm done with the NHL.  Hockey culture is toxic.","@KrimDelaKate Climate change bonus:
longer growing season = longer pollen season

https://t.co/78YhEZ74WM",KrimDelaKate Climate change bonus longer growing season longer pollen season,reply,,,,,,,
AndUpstream,"energy, engineering, TX, #EFT","Side note, I wash the pollen off this thing daily rn. 

Can @RiverOaksPrblms explain how the HTX renovations with white painted brick and black accents make any sense in this climate? Do those people pressure wash weekly this time of year? Why would anyone own anything white here",Side note I wash the pollen off this thing daily rn Can RiverOaksPrblms explain how the HTX renovations with white painted brick and black accents make any sense in this climate Do those people pressure wash weekly this time of year Why would anyone own anything white here,reply,,,,,,,
ecology_works,"Our products address the source of allergies, not just symptoms. #EcologyWorks",Numerous studies show that rising global temperatures have already worsened North American #pollen seasons and that #climate-driven pollen trends are likely to further exacerbate #respiratoryhealth impacts in the coming decades. https://t.co/KuxL5o16Ty,Numerous studies show that rising global temperatures have already worsened North American pollen seasons and that climate driven pollen trends are likely to further exacerbate respiratoryhealth impacts in the coming decades,organic,,,,,,,
abc_columbia,"5am-7am | Noon | 5pm | 6pm | 11pm
Download our mobile app!
Connect with us on FB and IG","Pollen season is here, and climate change is making it worse. Warming contributes to longer pollen seasons, and higher carbon dioxide levels can increase pollen production. This is caused by the warming planet. You can read all about it here: Pollen ... https://t.co/BBV8cyAOP4",Pollen season is here and climate change is making it worse Warming contributes to longer pollen seasons and higher carbon dioxide levels can increase pollen production This is caused by the warming planet You can read all about it here Pollen,organic,,,,,,,
journalonline,Your source for news and advertising in Muscatine & Louisa counties since 1840.,"With the arrival of spring and the tree, grass and weed pollen it brings, here's a look at how climate change may affect you during allergy season. https://t.co/BuphMn6Yua",With the arrival of spring and the tree grass and weed pollen it brings here's a look at how climate change may affect you during allergy season,organic,,,,,,,
1ricobravo,pro wrestler,Not sure to wear shorts or a jacket. Then I’m tryna Maneuver pollen while trying to understand the climate. Month of April so mid,Not sure to wear shorts or a jacket Then I m tryna Maneuver pollen while trying to understand the climate Month of April so mid,organic,,,,,,,
JulieWilcoxWX,"Meteorologist, former reporter, current teacher & local tv news expat.  Semi crazy cat lady, underground graphic novelist and quietly passionate flutist.",RT @ClimateCentral: Research suggests that human-caused warming was a primary driver of longer pollen seasons (about 20 days longer on aver…,ClimateCentral Research suggests that human caused warming was a primary driver of longer pollen seasons about days longer on aver,retweet,,,,,,,
eyeondc,"Preserving Broadcast History, Visualizer, and Gadfly, Opinions are my own.","RT @KaitlynMcGrath: With our recent summer-like temperatures, we have seen pollen counts skyrocket this week. And climate change is impacti…",KaitlynMcGrath With our recent summer like temperatures we have seen pollen counts skyrocket this week And climate change is impacti,retweet,,,,,,,
MarshallStewar4,"Former editor and news anchor at NPR regional affiliate. Grandad to four beautiful girls. History buff, Oklahoma State fan, baseball and Tulsa Drillers.",@KelliBruer It’s predicted climate change will extend the pollen season by a month or more.,KelliBruer It s predicted climate change will extend the pollen season by a month or more,reply,,,,,,,
cgtnamerica,"Watch live: https://t.co/nz0et8flN6 
Material is distributed by MediaLinks TV, LLC on behalf of CCTV. Info available at the Department of Justice in DC.",There is growing research showing climate change is making #allergies in the U.S. worse. Scientists say increasing levels of carbon dioxide in the atmosphere mean the pollen season for plants and trees is starting earlier each year and lasting longer. Learn more. #climatechange https://t.co/j2DSoLN0l4,There is growing research showing climate change is making allergies in the U S worse Scientists say increasing levels of carbon dioxide in the atmosphere mean the pollen season for plants and trees is starting earlier each year and lasting longer Learn more climatechange,organic,,,,,,,
MonadnockF,"New, Certified and Pre-Owned car dealership with a Quicklane service department & full parts and accessories counter to meet all your automotive needs!","2017 Toyota Corolla at Monadnock Ford! Offering features like: cruise control, lane departure alert, heated mirrors, 6-way adjustable driver's seat, auto climate control with pollen filter, and much much more, this vehicle won't be here for long! Stop by today or give us a ca ... https://t.co/IMcjYfgtc8",Toyota Corolla at Monadnock Ford Offering features like cruise control lane departure alert heated mirrors way adjustable driver's seat auto climate control with pollen filter and much much more this vehicle won't be here for long Stop by today or give us a ca,organic,,,,,,,
lwhitehurst,"Associated Press reporter in Salt Lake City and points beyond. Also mom of two, sometime hiker and microbrew appreciator. Email me at lwhitehurst@ap.org.","RT @abc4utah: According to new research from Proceedings of the National Academy of Sciences regarding climate change and pollen seasons, t…",According to new research from Proceedings of the National Academy of Sciences regarding climate change and pollen seasons t,retweet,,,,,,,
nohojules,"The funniest, hottest person you’re not following. List resume, accolades, and credits here.",Pollen count and climate change are both invisible monsters we are all fighting,Pollen count and climate change are both invisible monsters we are all fighting,organic,,,,,,,
KatrinaMartling,NA,"@pop_popculture @MassGov We gotta do better because an alarming amount of people now have mast cell disorders and as much pollen and mold as there is in the air in many places, and only getting worse with the climate, some of us need filtered air 24/7 so we don’t obstruct. Huge trigger for AI diseases",MassGov We gotta do better because an alarming amount of people now have mast cell disorders and as much pollen and mold as there is in the air in many places and only getting worse with the climate some of us need filtered air so we don t obstruct Huge trigger for AI diseases,reply,,,,,,,
eshilts,NA,"Richmond’s pollen ranking is the worst in the nation, which won’t surprise anyone who has stepped outside in the past couple of weeks.

This will only get worse as pollen seasons are expected to be longer and more intense due to climate change. https://t.co/eDeOSajO7o",Richmond s pollen ranking is the worst in the nation which won t surprise anyone who has stepped outside in the past couple of weeks This will only get worse as pollen seasons are expected to be longer and more intense due to climate change,reply,,,,,,,
EricaKriner,#BlackLivesMatter | Brooke Owens Fellow ‘22 @ NASA Goddard ✨,@JacquelynGill I took an environmental science class once and one of our homework assignments was to use pollen samples to reconstruct a climate - that assignment made me fall in love with science and is the reason I eventually switched majors. 💚,JacquelynGill I took an environmental science class once and one of our homework assignments was to use pollen samples to reconstruct a climate that assignment made me fall in love with science and is the reason I eventually switched majors,reply,,,,,,,
KweilynM,Meteorologist @ABC11_WTVD|Pittsburgh-Raised & Built|Spiced by #NewOrleans|#BLM Links/RTs are not endorsements|AKA💕💚,"〽️@SciDavis recaps the ups &amp; downs and strengths &amp; weaknesses of April 2022 in NC. #Climate 

Oh, and this🥴➡️""Historically, grass pollen hits its peak in mid to late May, which means allergy sufferers probably have a few more weeks of itchy eyes, sniffles, and congestion ahead.""",SciDavis recaps the ups amp downs and strengths amp weaknesses of April in NC Climate Oh and this Historically grass pollen hits its peak in mid to late May which means allergy sufferers probably have a few more weeks of itchy eyes sniffles and congestion ahead,organic,,,,,,,
janflora,Read*Write*Resist 🌈 James River Writers📝 IDWP ☮ DFTBA💜INFP ♉Autotonsorialist 💇‍♀️she/her/they aka @writersflow,"RT @13NewsNow: Yes, climate change is increasing the pollen count https://t.co/C1jmNyqfR2",NewsNow Yes climate change is increasing the pollen count,retweet,,,,,,,
FOX61News,"Follow us for the latest breaking news, weather, sports, and entertainment. FOX61 News - Expect More.",RT @RyanBretonWX: Is our warming climate leading to higher pollen counts in southern New England? We'll look at what the latest research su…,RyanBretonWX Is our warming climate leading to higher pollen counts in southern New England We'll look at what the latest research su,retweet,,,,,,,
notfathippy,you ain’t heard of me? well I prefer that. |fl🍊made | fat positivity/body peace advocate💜,RT @ABC7: Can't stop sneezing? It turns out there's more pollen in the air compared to 30 years ago and climate change may now be making it…,ABC Can't stop sneezing It turns out there's more pollen in the air compared to years ago and climate change may now be making it,retweet,,,,,,,
truthdaddynyc,posting the truth! like it or not... Rebellions are built on hope... #Resist #TheResistance #DefeatTheGOP #DitchMitch #DefeatPutin #HelpUkraine,"Pollen season continues to get longer and more intense as result of climate change, study finds https://t.co/3EXvRV8Kye via @ABC7NY",Pollen season continues to get longer and more intense as result of climate change study finds via ABC NY,organic,,,,,,,
ABC11_WTVD,"ABC11/WTVD is your source in North Carolina for breaking news, breaking weather, and traffic in Raleigh, Durham, and Fayetteville.",Can't stop sneezing? It turns out there's more pollen in the air compared to 30 years ago and climate change may now be making it worse.  https://t.co/NQB0xVB7Me,Can't stop sneezing It turns out there's more pollen in the air compared to years ago and climate change may now be making it worse,organic,,,,,,,
TeedRebecca,"I teach Earth and environmental science at Wright State in Dayton, Ohio.  She/her.","An article about the magnitude of the vegetation/ecosystem change associated with the Paleocene-Eocene Thermal Maximum:

What ancient pollen tells us about future climate change https://t.co/m89ouIQ0IX via @physorg_com",An article about the magnitude of the vegetation ecosystem change associated with the Paleocene Eocene Thermal Maximum What ancient pollen tells us about future climate change via,organic,,,,,,,
skindogs7,TCU alum. Canes hockey. Great golf destinations.,@ABC11_WTVD You all never stop with your horseshit reporting. Keep the plandemic going anyway you can. Pollen tied to global warming???????🤡🤡🤡🤡,ABC WTVD You all never stop with your horseshit reporting Keep the plandemic going anyway you can Pollen tied to global warming,reply,,,,,,,
gemdrgn1,"💖#Castle Even on the worst days there's a possibility for joy. USArmyVeteran,Mom,GSDMom,Empath #RESIST #StopAAPIHate #SPNFamily #WinchesterFamilyBusiness 🚫DMs","Pollen season continues to get longer and more intense as result of climate change, study finds https://t.co/XOu5qp09Y6 via @abc7 🤦‍♀️",Pollen season continues to get longer and more intense as result of climate change study finds via,organic,,,,,,,
LeeTyler,"Environmentalist, natural health researcher, raise property value. call me 917.282.6285",Pollen season will get longer and allergies will become more intense as a result of climate change: study #OurPlanet #Ecosystem #ClimateCrisis #Green #ClimateChange [Video]: Can't stop sneezing? It turns out there's more pollen in the air compared to 30… https://t.co/L99gwzAdM4 https://t.co/kvhIenMAmv,Pollen season will get longer and allergies will become more intense as a result of climate change study OurPlanet Ecosystem ClimateCrisis Green ClimateChange Video Can't stop sneezing It turns out there's more pollen in the air compared to,organic,,,,,,,
WMUR9_Weather,Submit your weather and breaking news photos and videos at http://uLocal.WMUR.com,"Warming trend this week...60s Tuesday, 60s to lower 70s Wednesday then 70s just above 80 in places Thursday through Saturday. Partly to mostly skies through the week, very small chance of any showers (high pollen and fire danger.) via @KevSkarupaWMUR",Warming trend this week s Tuesday s to lower s Wednesday then s just above in places Thursday through Saturday Partly to mostly skies through the week very small chance of any showers high pollen and fire danger via KevSkarupaWMUR,organic,,,,,,,
Allareblessed2,"Deaf lady with deaf bulldog. BLM, voting rights are important, Biden/Harris. RESIST!! lost first acct for security reasons. retired RN. BLM,voting rights,",Climate change is impacting pollen season - WISN https://t.co/SrZ0vWgOkB,Climate change is impacting pollen season WISN,organic,,,,,,,
ShamontielV,"Every morning, I wake up to my dog staring at me. I ask her, ""Did you get a job yet?"" She growls. We walk. 
#DogsOfTwitter #ThinkPieceTwitter #HBCUGrad #BLM","Either global warming is making pollen tougher on people with spring allergies or allergy medicine is trash these days. Used to work. I've been fighting the good fight for two weeks, and everything may as well be placebo pills. Only thing that works is a wet towel over my eyes. https://t.co/kZ7bIRyZGj",Either global warming is making pollen tougher on people with spring allergies or allergy medicine is trash these days Used to work I've been fighting the good fight for two weeks and everything may as well be placebo pills Only thing that works is a wet towel over my eyes,organic,,,,,,,
4029news,Breaking News and Weather for Northwest Arkansas and the River Valley. #4029News,Researchers believe man made climate change is extending pollen season https://t.co/fKakAHoL3c,Researchers believe man made climate change is extending pollen season,organic,,,,,,,
SpecNews1CLT,Spectrum News 1 is a 24-hour local news channel exclusively available to Spectrum customers in North Carolina.,"A recent study found that climate change is causing hotter global temperatures, which is making the pollen season longer and more intense https://t.co/tPkSo5ETfa",A recent study found that climate change is causing hotter global temperatures which is making the pollen season longer and more intense,organic,,,,,,,
AAFANational,"Asthma and Allergy Foundation of America the oldest and largest nonprofit patient group fighting to save lives via advocacy, research, education and support.","Climate change is causing longer and more intense allergy seasons. Good indoor air quality is an important part of a healthy living space. While you can’t control outside air, there are ways you can protect your home, and yourself, from pollen:
https://t.co/J42thUTGvJ via @chron",Climate change is causing longer and more intense allergy seasons Good indoor air quality is an important part of a healthy living space While you can t control outside air there are ways you can protect your home and yourself from pollen via,organic,,,,,,,
LeeTyler,"Environmentalist, natural health researcher, raise property value. call me 917.282.6285","Climate change is making allergy season longer, worse #CleanAir #Globe #Earth #ClimateAction #ClimateChange [Video]: Warmer temperatures mean more pollen and longer grass. https://t.co/tTP3HCubVI https://t.co/EUmCCiUIcI",Climate change is making allergy season longer worse CleanAir Globe Earth ClimateAction ClimateChange Video Warmer temperatures mean more pollen and longer grass,organic,,,,,,,
WOSUAllSides,"Live, public affairs talk show weekdays on @WOSU, 89.7 NPR News | Mon-Fri, 10-12pm ET.","Today on Wellness Wednesday we discuss the climate-driven changes in the pollen season and how to navigate the baby formula shortage. Listen live now.
https://t.co/j3tcjhZNo4",Today on Wellness Wednesday we discuss the climate driven changes in the pollen season and how to navigate the baby formula shortage Listen live now,organic,,,,,,,
rkyte365,"CMG. Dean @FletcherSchool. Investing in tomorrow’s global leaders today. Advisor: climate, finance, energy, #SDGs. Co-chair @wearevcmi. Forever blowing bubbles.","⁦Missed opportunity to give people advice on extreme heat risks, how to stay safe, link to programs available and even mention climate as a driver. Maybe ⁦@BostonGlobe⁩ can publish the web bulb number next to its heat advisory and pollen count.  https://t.co/LibMeGs984",Missed opportunity to give people advice on extreme heat risks how to stay safe link to programs available and even mention climate as a driver Maybe BostonGlobe can publish the web bulb number next to its heat advisory and pollen count,organic,,,,,,,
ShamontielV,17-year writer/editor who often grumpily tweets about reality TV and her random thoughts. #DogsOfTwitter #ThinkPieceTwitter #HBCUGrad #Vegetarian #BLM,"wrote ""When pollen is ruining your dog walks ~ Six ways to fight your way through spring allergies, global warming changes"" https://t.co/ToKSbbUXsa 

#pollen #allergyseason #hayfever #globalwarming #springfever #springvibes 

(Photo credit: Ben Donato-Woodger/Unsplash) https://t.co/tqHTlVGcED",wrote When pollen is ruining your dog walks Six ways to fight your way through spring allergies global warming changes pollen allergyseason hayfever globalwarming springfever springvibes Photo credit Ben Donato Woodger Unsplash,organic,,,,,,,
ShamontielV,17-year writer/editor who often grumpily tweets about reality TV and her random thoughts. #DogsOfTwitter #ThinkPieceTwitter #HBCUGrad #Vegetarian #BLM,"wrote ""When pollen is ruining your dog walks ~ Six ways to fight your way through spring allergies, global warming changes"" https://t.co/ToKSbbDm3A 

#pollen #allergyseason #hayfever #globalwarming #springfever #springvibes 

(Photo credit: 
Samuel Girven/Unsplash) https://t.co/UjqNy6gbqQ",wrote When pollen is ruining your dog walks Six ways to fight your way through spring allergies global warming changes pollen allergyseason hayfever globalwarming springfever springvibes Photo credit Samuel Girven Unsplash,organic,,,,,,,
rachelsgross,"historian of the outdoor gear industry, assistant professor at CU Denver #envhist #publichistory #twitterstorians","RT @MelissaCharenko: Scientists study past #climate with proxies: pollen, tree rings, ice cores. Why did scientists develop proxies and how…",MelissaCharenko Scientists study past climate with proxies pollen tree rings ice cores Why did scientists develop proxies and how,retweet,,,,,,,
wbznewsradio,"Boston’s News Radio
📻 1030 AM & 107.9 HD-2
💻 Listen live: http://ihe.art/rLblq2l
📲 Stream: @iheartradio app
🔊 Say: Play WBZ NewsRadio on iHeartRadio",Rain should wash away all the pollen around here. Governor Baker urges Washington lawmakers to come up with gun control legislation. World leaders are discussing the costs of climate change. 5 minutes of news that will keep you in The Loop. https://t.co/oSUNQ4uNrB,Rain should wash away all the pollen around here Governor Baker urges Washington lawmakers to come up with gun control legislation World leaders are discussing the costs of climate change minutes of news that will keep you in The Loop,organic,,,,,,,
deaton_jeremy,"Managing Editor @YaleE360. Contributor @CapitalWeather. @NAHJ, @SEJorg. Views are mine.",The threats from climate change are so varied. One I have only just learned about: extreme heat destroys pollen,The threats from climate change are so varied One I have only just learned about extreme heat destroys pollen,organic,,,,,,,
snapster552,I was not made to be subtle.,@inaoifeble Pollen is way uo because of climate change btw,Pollen is way uo because of climate change btw,reply,,,,,,,
ScienceMusofVA,"Helping curious minds discover connections between--and connections to--science, technology, engineering and math. Prepare to be inspired!","Ppl assume #paleontology is only about dinosaurs but term means “study of fossils.” Fossils can form from different kinds of prehistoric life: mammals, fish, plants, pollen, footprints &amp; climate. Here's some #paleontologists who’ve made impt contributions: https://t.co/IsHTE4OScE",Ppl assume paleontology is only about dinosaurs but term means study of fossils Fossils can form from different kinds of prehistoric life mammals fish plants pollen footprints amp climate Here's some paleontologists who ve made impt contributions,organic,,,,,,,
Brandon44718058,"Real equality for all Canadians , put Canadians 1st, my opinions are my own, Gov. works for us, No DM","@JackPosobiec Pollen pox! Caused by the unvaccinated and the global cooling warming, ozone layer erosion….pollen pox shot being developed!😂🤣😂🤣😂🤣😂🤣",JackPosobiec Pollen pox Caused by the unvaccinated and the global cooling warming ozone layer erosion pollen pox shot being developed,reply,,,,,,,
Sattymike,"AF vet 
No DMs
Boxing fan
Bleeds Green","@JackPosobiec More fuel for the climate fear porn. Plus it involves boogers, so ties in with the germophobe fear agenda.  Pollen is a global crisis.",JackPosobiec More fuel for the climate fear porn Plus it involves boogers so ties in with the germophobe fear agenda Pollen is a global crisis,reply,,,,,,,
god_of_Flannel,"Jordan //
23 // she/her // trans + bi // ADHD 
// #WhiteSox //
black lives matter // ACAB // this account kills fascists","@coldwars Climate change is also part of this, theres been a lot more pollen around due to the fluctuations in temperature too",Climate change is also part of this theres been a lot more pollen around due to the fluctuations in temperature too,reply,,,,,,,
TinTincognito,Providing a public service by countering claims of anthropogenic climate change deniers with science and evidence.,@refnote2 @ronbousso1 @KateAbnett Sp EWE:  Anthropogenic climate change is worsening North American pollen seasons. https://t.co/rVKtBvAeHu https://t.co/iu62ZI9gLk https://t.co/aHKgAI01NH https://t.co/csymyYROe2 https://t.co/PPhwDgE0Gk https://t.co/mr7uFOAvd7 https://t.co/joLwsLbtWF,KateAbnett Sp EWE Anthropogenic climate change is worsening North American pollen seasons,reply,,,,,,,
TinTincognito,Providing a public service by countering claims of anthropogenic climate change deniers with science and evidence.,@TyTalksTechblog @WarrenJenkins82 @johnottawa1 @EssexPR Sp EWE:  Anthropogenic climate change is worsening North American pollen seasons. https://t.co/rVKtBvAeHu https://t.co/iu62ZI9gLk https://t.co/aHKgAI01NH https://t.co/csymyYROe2 https://t.co/PPhwDgE0Gk https://t.co/mr7uFOAvd7,TyTalksTechblog WarrenJenkins EssexPR Sp EWE Anthropogenic climate change is worsening North American pollen seasons,reply,,,,,,,
BeyerVolvoWinc,"New and pre-owned Volvo dealership and service center in Winchester, Virginia.","We're offering our BG climate service with pollen filter for only $269.95 this month! Schedule your appointment to save big!

https://t.co/QfyXKKsOHQ https://t.co/dIrgHeOzQG",We're offering our BG climate service with pollen filter for only this month Schedule your appointment to save big,organic,,,,,,,
YaleE360,"An online magazine offering reporting, analysis, and opinion on global environmental issues. Published at the Yale School of the Environment.","Extreme heat is shrinking blueberries, limiting tomato fertilization, and destroying pollen grains.
 
Scientists are searching for ways to limit climate change-related threats to the world’s food supply.
https://t.co/pzWJo6XxMw",Extreme heat is shrinking blueberries limiting tomato fertilization and destroying pollen grains Scientists are searching for ways to limit climate change related threats to the world s food supply,organic,,,,,,,
NotreDame,A force for good since 1842.,A new simulation model of Midwest forests based on thousands of years of fossilized pollen trapped in sediment could aid in predicting future climate change: https://t.co/a7TNGsRz9z https://t.co/52eABXf78a,A new simulation model of Midwest forests based on thousands of years of fossilized pollen trapped in sediment could aid in predicting future climate change,organic,,,,,,,
TinTincognito,Providing a public service by countering claims of anthropogenic climate change deniers with science and evidence.,"@md90266 @POTUS Missed one.

Jul 6 EWE:  News spotlight: Climate change is killing pollen. https://t.co/JvL4A9ETfj",POTUS Missed one Jul EWE News spotlight Climate change is killing pollen,reply,,,,,,,
karenrobbinsmd,"Allergist/Immunologist, Patient Safety, Pediatrician, mother. tweets are my own, but my pen could be yours. COI: I like pollen-y plants","@KhouryMD @Brian34Schroer @AAAAI_org In agreement w both —in that understanding aerobio IS important to be a good allergist. But memorizing pollen pics doesn’t quite get there. Undrstnding local/regional/national plant populations, features, (and bloom cycles!) would be more useful. 
And how climate change effects..",KhouryMD Brian Schroer AAAAI org In agreement w both in that understanding aerobio IS important to be a good allergist But memorizing pollen pics doesn t quite get there Undrstnding local regional national plant populations features and bloom cycles would be more useful And how climate change effects,reply,,,,,,,
LeeHurstComic,NA,"Well today’s 400m intervals were pretty tough. I didn’t even feel great warming up, a little bit asthma-ish. Dug in and kept on target though. Maybe pollen’s high. I think tomorrow I will train after walking the dogs, rather than first thing, to try and clear the pipes.",Well today s m intervals were pretty tough I didn t even feel great warming up a little bit asthma ish Dug in and kept on target though Maybe pollen s high I think tomorrow I will train after walking the dogs rather than first thing to try and clear the pipes,organic,,,,,,,
MaureenMcCann13,"@MyNews13weather, AMS Fellow, @Cornell & @UCF alum. Fan of Arlington MA, Cape Cod, Boston sports and making mix cds w/ Huey Lewis, Gr8ful Dead, Phish, DMB etc","Allergies: With the pollen count on the rise the next few days, you may be sneezing more. Are you prone to seasonal allergies? A warmer climate contributes to longer pollen seasons, and higher carbon dioxide levels can increase pollen production. https://t.co/H1xn6zdOmh https://t.co/riZ7S0iG9o",Allergies With the pollen count on the rise the next few days you may be sneezing more Are you prone to seasonal allergies A warmer climate contributes to longer pollen seasons and higher carbon dioxide levels can increase pollen production,organic,,,,,,,
Tobin_Tweets,"Airbnb, online travel companies and dating apps coverage @business. I also tweet about finance, rates and energy. Views are my own.","Pollen CEO Callum Negus-Fancey said a sale of the whole company didn't work out due to a drop in overall M&amp;A and the broader economic environment, along with the company's current unprofitability in this economic climate.",Pollen CEO Callum Negus Fancey said a sale of the whole company didn't work out due to a drop in overall M amp A and the broader economic environment along with the company's current unprofitability in this economic climate,reply,,,,,,,
917wvxu,"We connect you to a world of ideas via @NPR, plus provide local news + entertainment programs from our award-winning team. Got a tip? newsroom@wvxu.org","“The Ohio River Valley is a particularly bad place for allergies as geography and climate have made it an optimal environment for pollen-producing plants,"" Ahmad Sedaghat, an associate prof. w/ @UCincyMedicine tells @TanaWeingartner.

Here are his tips:
https://t.co/0wH3MsJBQX",The Ohio River Valley is a particularly bad place for allergies as geography and climate have made it an optimal environment for pollen producing plants Ahmad Sedaghat an associate prof w UCincyMedicine tells TanaWeingartner Here are his tips,organic,,,,,,,
TheAsthmaCures,#TheAsthmaCures https://amzn.to/3rOIC3G helping those with chronic #asthma https://bit.ly/3f6DSSd resolving https://bit.ly/39BQsZy https://theasthmacures.com,"Climate crisis is creating the perfect storm for infectious diseases - https://t.co/Kb3CbYhAC9 https://t.co/O9NALoYG8y An asthma attack can be provoked by pollen or other plant products. An increase in temperature has been linked to more pollen release, ...",Climate crisis is creating the perfect storm for infectious diseases An asthma attack can be provoked by pollen or other plant products An increase in temperature has been linked to more pollen release,organic,,,,,,,
MurrayRamanatha,"Sinus and Skull Base Surgeon at Johns Hopkins 🤧, @hopkinsmedicine, @hopkins_ent, Clinical Operations, Clinician-Scientist 🧬, Air Pollution 💨🏭 Researcher",RT @Triological: Is There a Link Between Climate Change and Rhinosinusitis? See what researchers have found about changes in pollen count a…,Triological Is There a Link Between Climate Change and Rhinosinusitis See what researchers have found about changes in pollen count a,retweet,,,,,,,
STEMConnextion,"Founder, CEO, & Educational Consultant at STEM Connextion Academy, LLC | Advocate for Innovation in Education | TN State Alum🎓 🔺🐘DST",Anthropogenic climate change is worsening North American pollen seasons | Proceedings of the National Academy of Sciences https://t.co/NQnBR8aYUz,Anthropogenic climate change is worsening North American pollen seasons Proceedings of the National Academy of Sciences,organic,,,,,,,
greentechdon,"Branding goods and services for a #knowledge economy.
#tech #innovation #fitness #data
https://www.instagram.com/greentechdon/",RT @OpenStudios1: Climate change is making pollen season even worse across the country https://t.co/EO6cnSx2RT  #naturalbeauty #nature #of…,OpenStudios Climate change is making pollen season even worse across the country naturalbeauty nature of,retweet,,,,,,,
OvernightOnline,"Former GOP (04) turned progressive with insights into both sides of the aisle. Data driven to the left, because facts actually do matter more than feelings!","@shoe0nhead @KyleKulinski @VaushV Yeah it's great. You get to spend your money on allergy pills, jars of probably artificial Chinese honey (repackaged as local and marked up) and you get to rub your nose with tissue until you start contemplating life without a nose, thanks to all the climate change pollen!",KyleKulinski VaushV Yeah it's great You get to spend your money on allergy pills jars of probably artificial Chinese honey repackaged as local and marked up and you get to rub your nose with tissue until you start contemplating life without a nose thanks to all the climate change pollen,reply,,,,,,,
xtinacrouch,self-pub author & feral Horse Girl™️ . language nerd 🇮🇹. always rereading Good Omens. BLM. #MeToo. she/her 🖖,@GothamCryptid I almost failed kindergarten due to unexcused absences before we figured out I'm allergic to every type of grass and/or tree that produces pollen. Climate change is only making things more unpredictable 🙃,GothamCryptid I almost failed kindergarten due to unexcused absences before we figured out I'm allergic to every type of grass and or tree that produces pollen Climate change is only making things more unpredictable,reply,,,,,,,
jsparkybeard,"Wake the fuck up, Samurai, we got a city to burn.","@Manhattva @fox13 Pollution affects air quality, which greatly increases the chances of people developing asthma. Additionally, the warmer weather makes pollen seasons last longer and produce stronger pollen.  Yes, climate change greatly affects people with asthma.",Manhattva Pollution affects air quality which greatly increases the chances of people developing asthma Additionally the warmer weather makes pollen seasons last longer and produce stronger pollen Yes climate change greatly affects people with asthma,reply,,,,,,,
DrLarryBKeating,"Physics, Archaeology, AI, UAV policy, technology, Anthropology, Paleontology,  Philosophy, English, Literature, climate research,  medical research, History.","RT @JimBair62221006: A chilling trio of recent studies on pollination &amp; climate change:

1. 'Heat is a pollen killer'

1/3 #ClimateCrisis #…",JimBair A chilling trio of recent studies on pollination amp climate change 'Heat is a pollen killer' ClimateCrisis,retweet,,,,,,,
DrIanWeissman,"Radiologist @DeptVetAffairs #AdvocatingForPatients #PublicHealth #Activist. Chair, @RadiologyACR #PFCC Cmte. #President @WRS_WI. https://t.co/hrntBwuyD7","Climate change has caused melting icebergs, flooding, and landslides. It can also bring about an increase in #pollen levels, prolong the duration of pollen season, and cause more pollen-related health problems.
https://t.co/3F2dxaL0x9",Climate change has caused melting icebergs flooding and landslides It can also bring about an increase in pollen levels prolong the duration of pollen season and cause more pollen related health problems,organic,,,,,,,
ThatVDOVault,Smart kid now seeking wisdom. Only Child. Military Brat. 3rd Culture Kid. TCK. On my own path. Everyone's a fan of someone 😉 @vincentdonofrio's career=my hobby,"RT @DrIanWeissman: Climate change has caused melting icebergs, flooding, and landslides. It can also bring about an increase in #pollen lev…",DrIanWeissman Climate change has caused melting icebergs flooding and landslides It can also bring about an increase in pollen lev,retweet,,,,,,,
EngelWX,"Chief Meteorologist - WNDU, '08 Valpo graduate, Notre Dame, Detroit sports fan and all around science enthusiast #Michiana","The data we can unlock is truly amazing, ""the research team studied networks of fossil pollen records across more than 600,000 kilometers of the upper Midwest. They focused on the period from 10,000  years ago to 1850, when industrialization began to change climate in other ways""",The data we can unlock is truly amazing the research team studied networks of fossil pollen records across more than kilometers of the upper Midwest They focused on the period from years ago to when industrialization began to change climate in other ways,organic,,,,,,,
AAFANational,"Asthma and Allergy Foundation of America the oldest and largest nonprofit patient group fighting to save lives via advocacy, research, education and support.","Climate change is causing a longer, warmer growing seasons. This allows plants more time to grow and produce more pollen.

AAFA President and CEO talks about the impact of climate change on people with #allergies and more in the @nytimes: https://t.co/mEXmYYC3OG",Climate change is causing a longer warmer growing seasons This allows plants more time to grow and produce more pollen AAFA President and CEO talks about the impact of climate change on people with allergies and more in the,organic,,,,,,,
sarahcox_bc,"Author. Environment reporter for @thenarwhalca. On leave in '22 for book-writing. Fond of coffee, mountains, trees.","Climate change threatening butterflies’ pollen-collecting powers, find B.C. researchers https://t.co/fkroEq9kvN via @timescolonist",Climate change threatening butterflies pollen collecting powers find B C researchers via,organic,,,,,,,
EarthBulletin,Sharing the Earth’s News,"RT @EarthBulletin: Climate change threatening butterflies’ pollen-collecting powers, find B.C. researchers https://t.co/wq55R46QMI via @tim…",EarthBulletin Climate change threatening butterflies pollen collecting powers find B C researchers via,retweet,,,,,,,
alexfirth21,Free @alexfirth91,I saw a bumblebee going for pollen today. Global warming OD.,I saw a bumblebee going for pollen today Global warming OD,organic,,,,,,,
